review_id,cluster_id,node_id,split,dataset,relative_path,sha256,original_label,conflict_pair_count,reviewed_label,review_decision,visual_evidence
V001,cluster_0001,validation|RWF-2000|train/Fight/rwf_train_fight_0270.avi,validation,RWF-2000,train/Fight/rwf_train_fight_0270.avi,febda1518a536aafc28ec70cfe128ff22c72bfe4463fe7201e66c9098051ad2b,1,1,1,confirmed_violence,"Revue de 9 instants repartis sur tout le clip; interaction physique agressive, lutte, poursuite ou menace visible dans le segment."
V002,cluster_0001,validation|RWF-2000|train/Fight/rwf_train_fight_0273.avi,validation,RWF-2000,train/Fight/rwf_train_fight_0273.avi,078172332afa26e1668a25a033ed29d325050598c8d854537922a50375f1051f,1,1,1,confirmed_violence,"Revue de 9 instants repartis sur tout le clip; interaction physique agressive, lutte, poursuite ou menace visible dans le segment."
V003,cluster_0001,validation|RWF-2000|train/Fight/rwf_train_fight_0275.avi,validation,RWF-2000,train/Fight/rwf_train_fight_0275.avi,5e3356123499b12a4fc7187de49b6108558ed3c76099cc6a6d971ca35ebd67bd,1,1,1,confirmed_violence,"Revue de 9 instants repartis sur tout le clip; interaction physique agressive, lutte, poursuite ou menace visible dans le segment."
V004,cluster_0001,validation|RWF-2000|train/Fight/rwf_train_fight_0277.avi,validation,RWF-2000,train/Fight/rwf_train_fight_0277.avi,d24a31d300a73f10a29400bf4bba720e8a45bcb7b8ca9e292c7b450fa7d9633a,1,1,1,confirmed_violence,"Revue de 9 instants repartis sur tout le clip; interaction physique agressive, lutte, poursuite ou menace visible dans le segment."
V005,cluster_0001,train|RWF-2000|train/NonFight/rwf_train_nonfight_0298.avi,train,RWF-2000,train/NonFight/rwf_train_nonfight_0298.avi,e53df4ebd681c438144869409c0f09170409783d7eaec72533ca6711d3ab7464,0,4,0,confirmed_non_violence,Revue de 9 instants repartis sur tout le clip; aucune interaction physique agressive visible dans ce segment.
V006,cluster_0004,validation|RWF-2000|train/Fight/rwf_train_fight_0456.avi,validation,RWF-2000,train/Fight/rwf_train_fight_0456.avi,5e314e6360b8558f0f3bd580f6f7ed4c2fd5219b1cbc1be208898ed1232570f5,1,1,1,confirmed_violence,"Revue de 9 instants repartis sur tout le clip; interaction physique agressive, lutte, poursuite ou menace visible dans le segment."
V007,cluster_0004,train|RWF-2000|train/NonFight/rwf_train_nonfight_0519.avi,train,RWF-2000,train/NonFight/rwf_train_nonfight_0519.avi,b49f4da4d81e15600c32055db3556e5ba8f956abcc635c9623535d8f6e130e13,0,1,0,confirmed_non_violence,Revue de 9 instants repartis sur tout le clip; aucune interaction physique agressive visible dans ce segment.
V008,cluster_0006,validation|RWF-2000|train/Fight/rwf_train_fight_0077.avi,validation,RWF-2000,train/Fight/rwf_train_fight_0077.avi,d7e95c2754354e5beb388b25ec792958225aa63d7d818fa1a8242e7297640cfa,1,2,1,confirmed_violence,"Revue de 9 instants repartis sur tout le clip; interaction physique agressive, lutte, poursuite ou menace visible dans le segment."
V009,cluster_0006,train|RWF-2000|train/NonFight/rwf_train_nonfight_0085.avi,train,RWF-2000,train/NonFight/rwf_train_nonfight_0085.avi,a2b89af9d0db12cde7f93b761bf5f9d92accb5b5d10e8b3a75155dc7c137530b,0,1,0,confirmed_non_violence,Revue de 9 instants repartis sur tout le clip; aucune interaction physique agressive visible dans ce segment.
V010,cluster_0006,train|RWF-2000|train/NonFight/rwf_train_nonfight_0086.avi,train,RWF-2000,train/NonFight/rwf_train_nonfight_0086.avi,6908bf3882b2997e5e8ebb73b2d178c4a6020d1878b538a310752aafeec0a739,0,1,0,confirmed_non_violence,Revue de 9 instants repartis sur tout le clip; aucune interaction physique agressive visible dans ce segment.
V011,cluster_0007,train|RWF-2000|val/Fight/rwf_val_fight_0086.avi,train,RWF-2000,val/Fight/rwf_val_fight_0086.avi,a956cf85a8bed6aa6eceb91376941e3d1a75169b732c1d95cca0af4978f306b7,1,1,1,confirmed_violence,"Revue de 9 instants repartis sur tout le clip; interaction physique agressive, lutte, poursuite ou menace visible dans le segment."
V012,cluster_0007,test|RWF-2000|val/Fight/rwf_val_fight_0087.avi,test,RWF-2000,val/Fight/rwf_val_fight_0087.avi,4966e3a8b1f8580b93a4783fd982d239051b21567b47463e1485c2f3e141f69a,1,2,1,confirmed_violence,"Revue de 9 instants repartis sur tout le clip; interaction physique agressive, lutte, poursuite ou menace visible dans le segment."
V013,cluster_0007,test|RWF-2000|val/Fight/rwf_val_fight_0088.avi,test,RWF-2000,val/Fight/rwf_val_fight_0088.avi,5c7517bc697da99e9f366716901c1b2ab46de2fb7c0cae324d0e735c5224eb5e,1,2,1,confirmed_violence,"Revue de 9 instants repartis sur tout le clip; interaction physique agressive, lutte, poursuite ou menace visible dans le segment."
V014,cluster_0007,train|RWF-2000|val/Fight/rwf_val_fight_0089.avi,train,RWF-2000,val/Fight/rwf_val_fight_0089.avi,79ae4d6ae5b236c4c43d54e255fa0675a3b51d4588a52f439febb603690f33e2,1,1,1,confirmed_violence,"Revue de 9 instants repartis sur tout le clip; interaction physique agressive, lutte, poursuite ou menace visible dans le segment."
V015,cluster_0007,train|RWF-2000|val/Fight/rwf_val_fight_0090.avi,train,RWF-2000,val/Fight/rwf_val_fight_0090.avi,2bffb6dd79c0831b11bdd8ec8e93c755d343a94db6a64e1ffeb76d41fc7ecff9,1,1,1,confirmed_violence,"Revue de 9 instants repartis sur tout le clip; interaction physique agressive, lutte, poursuite ou menace visible dans le segment."
V016,cluster_0007,train|RWF-2000|val/Fight/rwf_val_fight_0091.avi,train,RWF-2000,val/Fight/rwf_val_fight_0091.avi,b508959be1be7317eb0d944cf051b035d583df3b2f92a98e312c60a654272936,1,1,1,confirmed_violence,"Revue de 9 instants repartis sur tout le clip; interaction physique agressive, lutte, poursuite ou menace visible dans le segment."
V017,cluster_0007,train|RWF-2000|val/NonFight/rwf_val_nonfight_0093.avi,train,RWF-2000,val/NonFight/rwf_val_nonfight_0093.avi,35599854c4e598b3a7a3f1e0afe6b2e0b85763dd0d8f11fc53928ba15a804c5e,0,2,0,confirmed_non_violence,Revue de 9 instants repartis sur tout le clip; aucune interaction physique agressive visible dans ce segment.
V018,cluster_0007,validation|RWF-2000|val/NonFight/rwf_val_nonfight_0094.avi,validation,RWF-2000,val/NonFight/rwf_val_nonfight_0094.avi,81a473c0b0d9593e99302d50015b4c87cd3e13994fd0a78a35417dca0c6dfd15,0,6,0,confirmed_non_violence,Revue de 9 instants repartis sur tout le clip; aucune interaction physique agressive visible dans ce segment.
V019,cluster_0008,train|RWF-2000|train/Fight/rwf_train_fight_0349.avi,train,RWF-2000,train/Fight/rwf_train_fight_0349.avi,b031b66d9209274048c1abd5bb3f302493fce2ded3eac0ac1c35d1a21c64ddbc,1,2,1,confirmed_violence,"Revue de 9 instants repartis sur tout le clip; interaction physique agressive, lutte, poursuite ou menace visible dans le segment."
V020,cluster_0008,validation|RWF-2000|train/Fight/rwf_train_fight_0350.avi,validation,RWF-2000,train/Fight/rwf_train_fight_0350.avi,e2135ba275ab0c5de3756756e147f6763125d86cccea1637aa49c0430f562088,1,1,1,confirmed_violence,"Revue de 9 instants repartis sur tout le clip; interaction physique agressive, lutte, poursuite ou menace visible dans le segment."
V021,cluster_0008,train|RWF-2000|train/Fight/rwf_train_fight_0351.avi,train,RWF-2000,train/Fight/rwf_train_fight_0351.avi,34b3d424f79be3e9e620e8a8fb171c59276ac42a923867212ee8ebc7fdd1c670,1,2,1,confirmed_violence,"Revue de 9 instants repartis sur tout le clip; interaction physique agressive, lutte, poursuite ou menace visible dans le segment."
V022,cluster_0008,train|RWF-2000|train/Fight/rwf_train_fight_0352.avi,train,RWF-2000,train/Fight/rwf_train_fight_0352.avi,5c9b74bf2c64177b1b30c9ec84d7be27585798b9b0928fc3c94d6f8b92c4b4ea,1,2,1,confirmed_violence,"Revue de 9 instants repartis sur tout le clip; interaction physique agressive, lutte, poursuite ou menace visible dans le segment."
V023,cluster_0008,train|RWF-2000|train/Fight/rwf_train_fight_0353.avi,train,RWF-2000,train/Fight/rwf_train_fight_0353.avi,29262ffe2938b2660f2dff701526ca855dafc3b8dcb7eaa690abb1a08aa107a4,1,2,1,confirmed_violence,"Revue de 9 instants repartis sur tout le clip; interaction physique agressive, lutte, poursuite ou menace visible dans le segment."
V024,cluster_0008,train|RWF-2000|train/NonFight/rwf_train_nonfight_0393.avi,train,RWF-2000,train/NonFight/rwf_train_nonfight_0393.avi,4377f56aca6ddadf3ba75fc7de9f8fc5732691bc847faa17e4db1df77e7a5c10,0,1,0,confirmed_non_violence,Revue de 9 instants repartis sur tout le clip; aucune interaction physique agressive visible dans ce segment.
V025,cluster_0008,validation|RWF-2000|train/NonFight/rwf_train_nonfight_0394.avi,validation,RWF-2000,train/NonFight/rwf_train_nonfight_0394.avi,e0aa8f2922f019e2e80a56a625dc298463da4b23a57be0f3cd9240112071afdc,0,4,0,confirmed_non_violence,Revue de 9 instants repartis sur tout le clip; aucune interaction physique agressive visible dans ce segment.
V026,cluster_0008,validation|RWF-2000|train/NonFight/rwf_train_nonfight_0395.avi,validation,RWF-2000,train/NonFight/rwf_train_nonfight_0395.avi,d3930e937a93fee8f2a232b9880f8cc55611e1cf3d82949bd2680ebea034b1d7,0,4,0,confirmed_non_violence,Revue de 9 instants repartis sur tout le clip; aucune interaction physique agressive visible dans ce segment.
V027,cluster_0010,validation|RWF-2000|train/Fight/rwf_train_fight_0162.avi,validation,RWF-2000,train/Fight/rwf_train_fight_0162.avi,85f57b67abbabeb75bf1d9e5505e18b3577538db9293b80ebbcef533f4a2c743,1,1,1,confirmed_violence,"Revue de 9 instants repartis sur tout le clip; interaction physique agressive, lutte, poursuite ou menace visible dans le segment."
V028,cluster_0010,train|RWF-2000|train/NonFight/rwf_train_nonfight_0190.avi,train,RWF-2000,train/NonFight/rwf_train_nonfight_0190.avi,9aadc828fd832fd08f804020820b06423159412cc8a0de871dca60c480289721,0,1,0,confirmed_non_violence,Revue de 9 instants repartis sur tout le clip; aucune interaction physique agressive visible dans ce segment.
V029,cluster_0012,validation|RWF-2000|train/Fight/rwf_train_fight_0703.avi,validation,RWF-2000,train/Fight/rwf_train_fight_0703.avi,f5e4b66d842a2af8ad1e201ce8a8b80124a50f334a02e32395815320925a3545,1,1,1,confirmed_violence,"Revue de 9 instants repartis sur tout le clip; interaction physique agressive, lutte, poursuite ou menace visible dans le segment."
V030,cluster_0012,validation|RWF-2000|train/Fight/rwf_train_fight_0704.avi,validation,RWF-2000,train/Fight/rwf_train_fight_0704.avi,3eec4b744795d4818f36e34da8d295d5c1240ba451fc9464f4a986f9b8e9f3ae,1,1,1,confirmed_violence,"Revue de 9 instants repartis sur tout le clip; interaction physique agressive, lutte, poursuite ou menace visible dans le segment."
V031,cluster_0012,validation|RWF-2000|train/Fight/rwf_train_fight_0765.avi,validation,RWF-2000,train/Fight/rwf_train_fight_0765.avi,653eca47da3c77fe13ebb2ed4ff29ac37f8265163fb6955ad76af41e430431f0,1,1,1,confirmed_violence,"Revue de 9 instants repartis sur tout le clip; interaction physique agressive, lutte, poursuite ou menace visible dans le segment."
V032,cluster_0012,train|RWF-2000|train/NonFight/rwf_train_nonfight_0721.avi,train,RWF-2000,train/NonFight/rwf_train_nonfight_0721.avi,e06ff3a7b5a153016a61410d489f827bb95a3c5fadb7aefc02e50a7c3ecc11d3,0,3,0,confirmed_non_violence,Revue de 9 instants repartis sur tout le clip; aucune interaction physique agressive visible dans ce segment.
V033,cluster_0014,train|RWF-2000|train/Fight/rwf_train_fight_0052.avi,train,RWF-2000,train/Fight/rwf_train_fight_0052.avi,7ff0971fea943b539cf57181b2fc8e8502f93552674493db98942095386c6d79,1,1,1,confirmed_violence,"Revue de 9 instants repartis sur tout le clip; interaction physique agressive, lutte, poursuite ou menace visible dans le segment."
V034,cluster_0014,train|RWF-2000|train/Fight/rwf_train_fight_0054.avi,train,RWF-2000,train/Fight/rwf_train_fight_0054.avi,a90de783a8428483b7a955a27d74d58012c85d9c04d59173b9cf601cd0408eeb,1,1,1,confirmed_violence,"Revue de 9 instants repartis sur tout le clip; interaction physique agressive, lutte, poursuite ou menace visible dans le segment."
V035,cluster_0014,train|RWF-2000|train/Fight/rwf_train_fight_0056.avi,train,RWF-2000,train/Fight/rwf_train_fight_0056.avi,23b21c48de48d813c651f794867f81f1c31e115294ad2c2f6665e59b86b86403,1,1,1,confirmed_violence,"Revue de 9 instants repartis sur tout le clip; interaction physique agressive, lutte, poursuite ou menace visible dans le segment."
V036,cluster_0014,test|RWF-2000|train/NonFight/rwf_train_nonfight_0057.avi,test,RWF-2000,train/NonFight/rwf_train_nonfight_0057.avi,7c34270f8bcf64ecb444513cac792f261f6c0be1c06bc252bf6e579c2ea1047c,0,3,0,confirmed_non_violence,Revue de 9 instants repartis sur tout le clip; aucune interaction physique agressive visible dans ce segment.
V037,cluster_0017,validation|RWF-2000|train/Fight/rwf_train_fight_0536.avi,validation,RWF-2000,train/Fight/rwf_train_fight_0536.avi,93e0bf47fbe10134634f8d7e884dc65df5beff0c56c5bfa623e834528d0af230,1,2,1,confirmed_violence,"Revue de 9 instants repartis sur tout le clip; interaction physique agressive, lutte, poursuite ou menace visible dans le segment."
V038,cluster_0017,validation|RWF-2000|train/Fight/rwf_train_fight_0537.avi,validation,RWF-2000,train/Fight/rwf_train_fight_0537.avi,f9c6f6edc976c9ffde0546ee62f374df8a78f4d746b447373d9f44c634d8d058,1,2,1,confirmed_violence,"Revue de 9 instants repartis sur tout le clip; interaction physique agressive, lutte, poursuite ou menace visible dans le segment."
V039,cluster_0017,test|RWF-2000|train/Fight/rwf_train_fight_0539.avi,test,RWF-2000,train/Fight/rwf_train_fight_0539.avi,88854f33fb2dbc794ce94983f840824790d13ee74a000ef5fbbd30998e596caa,1,1,1,confirmed_violence,"Revue de 9 instants repartis sur tout le clip; interaction physique agressive, lutte, poursuite ou menace visible dans le segment."
V040,cluster_0017,train|RWF-2000|train/NonFight/rwf_train_nonfight_0175.avi,train,RWF-2000,train/NonFight/rwf_train_nonfight_0175.avi,80928c679a389505080a043911ffb739f8c2242cf0cf254c21cea493ed93555d,0,3,0,confirmed_non_violence,Revue de 9 instants repartis sur tout le clip; aucune interaction physique agressive visible dans ce segment.
V041,cluster_0017,train|RWF-2000|train/NonFight/rwf_train_nonfight_0176.avi,train,RWF-2000,train/NonFight/rwf_train_nonfight_0176.avi,bccaf6043cc51cd96d4f6dc9e3a2c6531dc54913788dfbb96a3068f17514762e,0,2,0,confirmed_non_violence,Revue de 9 instants repartis sur tout le clip; aucune interaction physique agressive visible dans ce segment.
V042,cluster_0019,train|RWF-2000|train/Fight/rwf_train_fight_0207.avi,train,RWF-2000,train/Fight/rwf_train_fight_0207.avi,6465b88fe6c4201a7ebadc2100592dc81d6d31b62d2d34bcfd60621a840038b2,1,2,1,confirmed_violence,"Revue de 9 instants repartis sur tout le clip; interaction physique agressive, lutte, poursuite ou menace visible dans le segment."
V043,cluster_0019,train|RWF-2000|train/Fight/rwf_train_fight_0208.avi,train,RWF-2000,train/Fight/rwf_train_fight_0208.avi,06048d1cc3dee14b48ca17f18fce7a1afaeffedffce9d38fbab20ff442ee25e6,1,2,1,confirmed_violence,"Revue de 9 instants repartis sur tout le clip; interaction physique agressive, lutte, poursuite ou menace visible dans le segment."
V044,cluster_0019,validation|RWF-2000|train/NonFight/rwf_train_nonfight_0229.avi,validation,RWF-2000,train/NonFight/rwf_train_nonfight_0229.avi,d0e448315e29173fe011c36ba3e9ec15649cba5e07669910e2322851981c0f90,0,2,0,confirmed_non_violence,Revue de 9 instants repartis sur tout le clip; aucune interaction physique agressive visible dans ce segment.
V045,cluster_0019,test|RWF-2000|train/NonFight/rwf_train_nonfight_0231.avi,test,RWF-2000,train/NonFight/rwf_train_nonfight_0231.avi,8902d9d7dbcdaee0ee1c9761f4a205e3fe1b9558a9b8b7a6dfb91e6173f2f584,0,2,0,confirmed_non_violence,Revue de 9 instants repartis sur tout le clip; aucune interaction physique agressive visible dans ce segment.
V046,cluster_0021,train|RWF-2000|train/Fight/rwf_train_fight_0464.avi,train,RWF-2000,train/Fight/rwf_train_fight_0464.avi,f6bb359d9690bf6c3085f67e622c0a2f2a66c5085fbc179871fb6157a6c5e194,1,1,1,confirmed_violence,"Revue de 9 instants repartis sur tout le clip; interaction physique agressive, lutte, poursuite ou menace visible dans le segment."
V047,cluster_0021,validation|RWF-2000|train/Fight/rwf_train_fight_0465.avi,validation,RWF-2000,train/Fight/rwf_train_fight_0465.avi,eaacb39825d1ccd018cc5832f1057926fc3cac2d08183ab9d70057d75b80b1e7,1,1,1,confirmed_violence,"Revue de 9 instants repartis sur tout le clip; interaction physique agressive, lutte, poursuite ou menace visible dans le segment."
V048,cluster_0021,train|RWF-2000|train/Fight/rwf_train_fight_0466.avi,train,RWF-2000,train/Fight/rwf_train_fight_0466.avi,01c4046b7d4c5bbb81782e85efb5f64446d516cc728f0a009683a2ee1d4dfcac,1,1,1,confirmed_violence,"Revue de 9 instants repartis sur tout le clip; interaction physique agressive, lutte, poursuite ou menace visible dans le segment."
V049,cluster_0021,validation|RWF-2000|train/Fight/rwf_train_fight_0467.avi,validation,RWF-2000,train/Fight/rwf_train_fight_0467.avi,262fd7d8a600ad885e4f98d280fcb6fdb5c23cef2327763d5cbe0939e6e985c0,1,1,1,confirmed_violence,"Revue de 9 instants repartis sur tout le clip; interaction physique agressive, lutte, poursuite ou menace visible dans le segment."
V050,cluster_0021,train|RWF-2000|train/NonFight/rwf_train_nonfight_0181.avi,train,RWF-2000,train/NonFight/rwf_train_nonfight_0181.avi,444dd5d54ff5bc7dc9f9f0d2e985e21b83fa1269fb6c41da814f02346e4b2c58,0,2,0,confirmed_non_violence,Revue de 9 instants repartis sur tout le clip; aucune interaction physique agressive visible dans ce segment.
V051,cluster_0021,validation|RWF-2000|train/NonFight/rwf_train_nonfight_0182.avi,validation,RWF-2000,train/NonFight/rwf_train_nonfight_0182.avi,8c9d7927f2cabb5593b2bb7713d911920d49d0a2ee9020088c5667c41df26f1b,0,2,0,confirmed_non_violence,Revue de 9 instants repartis sur tout le clip; aucune interaction physique agressive visible dans ce segment.
V052,cluster_0022,train|RWF-2000|train/Fight/rwf_train_fight_0542.avi,train,RWF-2000,train/Fight/rwf_train_fight_0542.avi,03c4b2582bbf880a591ea15f06f3c0cfe3321f7993f7008aa72300b4d768e231,1,1,1,confirmed_violence,"Revue de 9 instants repartis sur tout le clip; interaction physique agressive, lutte, poursuite ou menace visible dans le segment."
V053,cluster_0022,train|RWF-2000|train/Fight/rwf_train_fight_0543.avi,train,RWF-2000,train/Fight/rwf_train_fight_0543.avi,e3f9e74c57b9d59c4820e0c652a3f90ea4a6f6c6c6d2407ba9a322cf05e5186b,1,1,1,confirmed_violence,"Revue de 9 instants repartis sur tout le clip; interaction physique agressive, lutte, poursuite ou menace visible dans le segment."
V054,cluster_0022,train|RWF-2000|train/Fight/rwf_train_fight_0544.avi,train,RWF-2000,train/Fight/rwf_train_fight_0544.avi,e9f604d497e7172e9a99327137de07ad2668e8c920afd67e25305182b373da5c,1,1,1,confirmed_violence,"Revue de 9 instants repartis sur tout le clip; interaction physique agressive, lutte, poursuite ou menace visible dans le segment."
V055,cluster_0022,validation|RWF-2000|train/NonFight/rwf_train_nonfight_0590.avi,validation,RWF-2000,train/NonFight/rwf_train_nonfight_0590.avi,71da352a4b6bed3d2b9f30ffb209916562b60d5dc38f7e664ea279cdde32042e,0,3,0,confirmed_non_violence,Revue de 9 instants repartis sur tout le clip; aucune interaction physique agressive visible dans ce segment.
V056,cluster_0023,train|RWF-2000|train/Fight/rwf_train_fight_0561.avi,train,RWF-2000,train/Fight/rwf_train_fight_0561.avi,5d7869c68ad352542bcd2856521788564860ff35915c1b062b0ce1d87b456484,1,1,1,confirmed_violence,"Revue de 9 instants repartis sur tout le clip; interaction physique agressive, lutte, poursuite ou menace visible dans le segment."
V057,cluster_0023,train|RWF-2000|train/Fight/rwf_train_fight_0562.avi,train,RWF-2000,train/Fight/rwf_train_fight_0562.avi,a1a31e724d492de01f79b6a849a4ff0d746d03ec5ff31af34f8fe41546893c49,1,1,1,confirmed_violence,"Revue de 9 instants repartis sur tout le clip; interaction physique agressive, lutte, poursuite ou menace visible dans le segment."
V058,cluster_0023,train|RWF-2000|train/Fight/rwf_train_fight_0563.avi,train,RWF-2000,train/Fight/rwf_train_fight_0563.avi,31396faf39691df41bef9bb80d4547ab4c173252cb3cb90245100c7308a35325,1,1,1,confirmed_violence,"Revue de 9 instants repartis sur tout le clip; interaction physique agressive, lutte, poursuite ou menace visible dans le segment."
V059,cluster_0023,validation|RWF-2000|train/NonFight/rwf_train_nonfight_0608.avi,validation,RWF-2000,train/NonFight/rwf_train_nonfight_0608.avi,a0e22f1d64c2907bb773177d463c16844425a31b5edff800595bf46d2399bd0d,0,3,0,confirmed_non_violence,Revue de 9 instants repartis sur tout le clip; aucune interaction physique agressive visible dans ce segment.
V060,cluster_0024,train|RWF-2000|val/Fight/rwf_val_fight_0185.avi,train,RWF-2000,val/Fight/rwf_val_fight_0185.avi,5f3b56d5d23aa969e20697bc93e3d0ed40ae3a2774391dd97f69432a5c50f028,1,1,1,confirmed_violence,"Revue de 9 instants repartis sur tout le clip; interaction physique agressive, lutte, poursuite ou menace visible dans le segment."
V061,cluster_0024,train|RWF-2000|val/Fight/rwf_val_fight_0186.avi,train,RWF-2000,val/Fight/rwf_val_fight_0186.avi,0b7c86a9fe90cb47a0066fcf72565f26caf598295f5b254f2a4e944027b8c8c2,1,1,1,confirmed_violence,"Revue de 9 instants repartis sur tout le clip; interaction physique agressive, lutte, poursuite ou menace visible dans le segment."
V062,cluster_0024,train|RWF-2000|val/Fight/rwf_val_fight_0187.avi,train,RWF-2000,val/Fight/rwf_val_fight_0187.avi,e720c28177bc09153962c243596675dc20b259116e671f4ad9efcda34632a977,1,1,1,confirmed_violence,"Revue de 9 instants repartis sur tout le clip; interaction physique agressive, lutte, poursuite ou menace visible dans le segment."
V063,cluster_0024,train|RWF-2000|val/Fight/rwf_val_fight_0188.avi,train,RWF-2000,val/Fight/rwf_val_fight_0188.avi,28eb10b7462309ebf00ed079e1790d660b2aa9790f7f0c8826bedb981c0784e4,1,1,1,confirmed_violence,"Revue de 9 instants repartis sur tout le clip; interaction physique agressive, lutte, poursuite ou menace visible dans le segment."
V064,cluster_0024,validation|RWF-2000|val/NonFight/rwf_val_nonfight_0184.avi,validation,RWF-2000,val/NonFight/rwf_val_nonfight_0184.avi,e46c7b38861bf49d3e3eb34d861497ce3a980938c76d3e6d4c39855a42ab08d3,0,4,0,confirmed_non_violence,Revue de 9 instants repartis sur tout le clip; aucune interaction physique agressive visible dans ce segment.
V065,cluster_0026,test|RWF-2000|train/Fight/rwf_train_fight_0113.avi,test,RWF-2000,train/Fight/rwf_train_fight_0113.avi,fa7100bc301bedf1d0b241375abdd82e59e0d7943d365748d4c7181174c9573f,1,1,1,confirmed_violence,"Revue de 9 instants repartis sur tout le clip; interaction physique agressive, lutte, poursuite ou menace visible dans le segment."
V066,cluster_0026,test|RWF-2000|train/Fight/rwf_train_fight_0114.avi,test,RWF-2000,train/Fight/rwf_train_fight_0114.avi,616018b736573d70d0ebbe9f185952b72bd390d693f463f6dc363536bfe35e2f,1,1,1,confirmed_violence,"Revue de 9 instants repartis sur tout le clip; interaction physique agressive, lutte, poursuite ou menace visible dans le segment."
V067,cluster_0026,train|RWF-2000|train/NonFight/rwf_train_nonfight_0124.avi,train,RWF-2000,train/NonFight/rwf_train_nonfight_0124.avi,5544093edae505aa4513fd89b019819642c11ac8f3e23d4834161a08e62448e2,0,2,0,confirmed_non_violence,Revue de 9 instants repartis sur tout le clip; aucune interaction physique agressive visible dans ce segment.
V068,cluster_0029,train|RWF-2000|train/Fight/rwf_train_fight_0410.avi,train,RWF-2000,train/Fight/rwf_train_fight_0410.avi,7e281ec388e0b1f2d23c655990b362e5ff2b19eb30b5f88c5d7da04ea5038648,1,1,1,confirmed_violence,"Revue de 9 instants repartis sur tout le clip; interaction physique agressive, lutte, poursuite ou menace visible dans le segment."
V069,cluster_0029,test|RWF-2000|train/NonFight/rwf_train_nonfight_0467.avi,test,RWF-2000,train/NonFight/rwf_train_nonfight_0467.avi,37f135087634775c21ad968186a442f06d878e03ddf4e3a0e1392777d6cad028,0,1,0,confirmed_non_violence,Revue de 9 instants repartis sur tout le clip; aucune interaction physique agressive visible dans ce segment.
V070,cluster_0035,train|RWF-2000|val/Fight/rwf_val_fight_0110.avi,train,RWF-2000,val/Fight/rwf_val_fight_0110.avi,06c860dcfc461f74e9d48add2ab53947d500dc1cb1bce99b292478d8a4a959ae,1,1,1,confirmed_violence,"Revue de 9 instants repartis sur tout le clip; interaction physique agressive, lutte, poursuite ou menace visible dans le segment."
V071,cluster_0035,test|RWF-2000|val/NonFight/rwf_val_nonfight_0109.avi,test,RWF-2000,val/NonFight/rwf_val_nonfight_0109.avi,66c83733108c1dea8740630f164607d271814943273271867367ad995dd003ae,0,1,0,confirmed_non_violence,Revue de 9 instants repartis sur tout le clip; aucune interaction physique agressive visible dans ce segment.
V072,cluster_0038,train|RWF-2000|train/Fight/rwf_train_fight_0231.avi,train,RWF-2000,train/Fight/rwf_train_fight_0231.avi,782b18835a20be798b6d3e971f9063355d8238da363f35952a20245ffc5a3265,1,1,1,confirmed_violence,"Revue de 9 instants repartis sur tout le clip; interaction physique agressive, lutte, poursuite ou menace visible dans le segment."
V073,cluster_0038,validation|RWF-2000|train/NonFight/rwf_train_nonfight_0249.avi,validation,RWF-2000,train/NonFight/rwf_train_nonfight_0249.avi,17c733ecf2eee4e80e37072efe23737f3e12f277132fca6da69f0d3f29da5637,0,1,0,confirmed_non_violence,Revue de 9 instants repartis sur tout le clip; aucune interaction physique agressive visible dans ce segment.
V074,cluster_0039,train|RWF-2000|train/Fight/rwf_train_fight_0473.avi,train,RWF-2000,train/Fight/rwf_train_fight_0473.avi,49aba6d034a6be89d54e4819de104893b3842101e98da49bdab46fbd4982d61e,1,1,1,confirmed_violence,"Revue de 9 instants repartis sur tout le clip; interaction physique agressive, lutte, poursuite ou menace visible dans le segment."
V075,cluster_0039,validation|RWF-2000|train/NonFight/rwf_train_nonfight_0533.avi,validation,RWF-2000,train/NonFight/rwf_train_nonfight_0533.avi,7f95e053902572398f8704b29d90b3ef64fc4ad200b572eac6281cfc8d4b8607,0,1,0,confirmed_non_violence,Revue de 9 instants repartis sur tout le clip; aucune interaction physique agressive visible dans ce segment.
V076,cluster_0040,train|RWF-2000|train/Fight/rwf_train_fight_0507.avi,train,RWF-2000,train/Fight/rwf_train_fight_0507.avi,c795d26441e031c06edbaa25c9e6756bfaa49e141264af329d7a88e362275796,1,1,1,confirmed_violence,"Revue de 9 instants repartis sur tout le clip; interaction physique agressive, lutte, poursuite ou menace visible dans le segment."
V077,cluster_0040,train|RWF-2000|train/Fight/rwf_train_fight_0508.avi,train,RWF-2000,train/Fight/rwf_train_fight_0508.avi,6cf4d3c41882dd74df528d20ca2a199ecf6f2dc4ac973e0e1ef708d640291fab,1,1,1,confirmed_violence,"Revue de 9 instants repartis sur tout le clip; interaction physique agressive, lutte, poursuite ou menace visible dans le segment."
V078,cluster_0040,validation|RWF-2000|train/NonFight/rwf_train_nonfight_0560.avi,validation,RWF-2000,train/NonFight/rwf_train_nonfight_0560.avi,482ee3063a8e69dbdd06f6c626cde2fee3ff7bf1177a8953b0e78c071eb6ad0f,0,2,0,confirmed_non_violence,Revue de 9 instants repartis sur tout le clip; aucune interaction physique agressive visible dans ce segment.
V079,cluster_0048,test|RWF-2000|train/Fight/rwf_train_fight_0034.avi,test,RWF-2000,train/Fight/rwf_train_fight_0034.avi,31159d5c208dc6684bddf908bdca7b3312835d7f11b0fe3df12bc94bd4cb66a8,1,1,1,confirmed_violence,"Revue de 9 instants repartis sur tout le clip; interaction physique agressive, lutte, poursuite ou menace visible dans le segment."
V080,cluster_0048,train|RWF-2000|train/NonFight/rwf_train_nonfight_0038.avi,train,RWF-2000,train/NonFight/rwf_train_nonfight_0038.avi,be8ac08bebc891fc7d177b803d78b9931d659c655fb9fe0f8a7c4f0084db8249,0,1,0,confirmed_non_violence,Revue de 9 instants repartis sur tout le clip; aucune interaction physique agressive visible dans ce segment.
V081,cluster_0049,validation|RWF-2000|train/Fight/rwf_train_fight_0110.avi,validation,RWF-2000,train/Fight/rwf_train_fight_0110.avi,8a46038afbf7a1af2f3b5e49fbae15ffb92529c90ee6d03c2d7b6b9f671d4c2b,1,1,1,confirmed_violence,"Revue de 9 instants repartis sur tout le clip; interaction physique agressive, lutte, poursuite ou menace visible dans le segment."
V082,cluster_0049,test|RWF-2000|train/Fight/rwf_train_fight_0111.avi,test,RWF-2000,train/Fight/rwf_train_fight_0111.avi,117dcfc78fd70502e7d858104f698c5263a64d35960a9499193f906474d6407a,1,1,1,confirmed_violence,"Revue de 9 instants repartis sur tout le clip; interaction physique agressive, lutte, poursuite ou menace visible dans le segment."
V083,cluster_0049,train|RWF-2000|train/NonFight/rwf_train_nonfight_0121.avi,train,RWF-2000,train/NonFight/rwf_train_nonfight_0121.avi,3918342d6cb32b058161cb9dd4cf8f9a198ac95c2e2fb453bca833a8e56f41fe,0,2,0,confirmed_non_violence,Revue de 9 instants repartis sur tout le clip; aucune interaction physique agressive visible dans ce segment.
V084,cluster_0051,test|RWF-2000|train/Fight/rwf_train_fight_0340.avi,test,RWF-2000,train/Fight/rwf_train_fight_0340.avi,43423056770958ae0044121434ab25c4392dd621d25cb2f0d8bc6125ec48698c,1,1,1,confirmed_violence,"Revue de 9 instants repartis sur tout le clip; interaction physique agressive, lutte, poursuite ou menace visible dans le segment."
V085,cluster_0051,train|RWF-2000|train/NonFight/rwf_train_nonfight_0378.avi,train,RWF-2000,train/NonFight/rwf_train_nonfight_0378.avi,c0adbc52710ae5414f999ca863e110775396fbc9d4dd57e05f415b2da213a20b,0,1,0,confirmed_non_violence,Revue de 9 instants repartis sur tout le clip; aucune interaction physique agressive visible dans ce segment.
V086,cluster_0052,test|RWF-2000|train/Fight/rwf_train_fight_0490.avi,test,RWF-2000,train/Fight/rwf_train_fight_0490.avi,da20ce5f5daf944c1717808bf5dceddb8f83d6fc55c19296d379880d6fbd4a9a,1,2,1,confirmed_violence,"Revue de 9 instants repartis sur tout le clip; interaction physique agressive, lutte, poursuite ou menace visible dans le segment."
V087,cluster_0052,train|RWF-2000|train/NonFight/rwf_train_nonfight_0548.avi,train,RWF-2000,train/NonFight/rwf_train_nonfight_0548.avi,0aa2a0d2b946cd6458666565022743d66d2e69d47121ae8b98a24394bdacf664,0,1,0,confirmed_non_violence,Revue de 9 instants repartis sur tout le clip; aucune interaction physique agressive visible dans ce segment.
V088,cluster_0052,train|RWF-2000|train/NonFight/rwf_train_nonfight_0550.avi,train,RWF-2000,train/NonFight/rwf_train_nonfight_0550.avi,d73567224039fdef95b1b6ce42d66f97f8c9942941ea24fde4d5be798186b3d9,0,1,0,confirmed_non_violence,Revue de 9 instants repartis sur tout le clip; aucune interaction physique agressive visible dans ce segment.
V089,cluster_0056,train|RWF-2000|train/Fight/rwf_train_fight_0016.avi,train,RWF-2000,train/Fight/rwf_train_fight_0016.avi,451210d04956ddd03c629ceb7d95f900ad79e114494f847757a3f70afcfd982f,1,1,1,confirmed_violence,"Revue de 9 instants repartis sur tout le clip; interaction physique agressive, lutte, poursuite ou menace visible dans le segment."
V090,cluster_0056,test|RWF-2000|train/NonFight/rwf_train_nonfight_0013.avi,test,RWF-2000,train/NonFight/rwf_train_nonfight_0013.avi,437dd8aa91cd985648a29aa0ff39d38ba17d2f4260bb73cb4f1acf219aee0182,0,1,0,confirmed_non_violence,Revue de 9 instants repartis sur tout le clip; aucune interaction physique agressive visible dans ce segment.
V091,cluster_0060,validation|RWF-2000|train/Fight/rwf_train_fight_0511.avi,validation,RWF-2000,train/Fight/rwf_train_fight_0511.avi,3800a8b7c24541c25b21a8c9d73001395cc04e321c187debd02cb7014a5d1cca,1,2,1,confirmed_violence,"Revue de 9 instants repartis sur tout le clip; interaction physique agressive, lutte, poursuite ou menace visible dans le segment."
V092,cluster_0060,test|RWF-2000|train/NonFight/rwf_train_nonfight_0565.avi,test,RWF-2000,train/NonFight/rwf_train_nonfight_0565.avi,f1bd79a382143677e6f445f57dd658fe1f28455d5c509cc954ce2f6fdecd44f7,0,1,0,confirmed_non_violence,Revue de 9 instants repartis sur tout le clip; aucune interaction physique agressive visible dans ce segment.
V093,cluster_0060,train|RWF-2000|train/NonFight/rwf_train_nonfight_0566.avi,train,RWF-2000,train/NonFight/rwf_train_nonfight_0566.avi,fa46843e8d956aba7b81be48641297255e1fb1a150e46cd18759ea6318b2b2f5,0,1,0,confirmed_non_violence,Revue de 9 instants repartis sur tout le clip; aucune interaction physique agressive visible dans ce segment.
V094,cluster_0061,train|RWF-2000|train/Fight/rwf_train_fight_0581.avi,train,RWF-2000,train/Fight/rwf_train_fight_0581.avi,9242c112bdfe5413c3fe104f9d97f382fc5d56ad24f19b6c75618c2f87ec8450,1,1,1,confirmed_violence,"Revue de 9 instants repartis sur tout le clip; interaction physique agressive, lutte, poursuite ou menace visible dans le segment."
V095,cluster_0061,test|RWF-2000|train/NonFight/rwf_train_nonfight_0622.avi,test,RWF-2000,train/NonFight/rwf_train_nonfight_0622.avi,fc92a8e4b2cf7741298beaffd72c1a9e88b2e09bd7095c82f77b0e56358ac979,0,1,0,confirmed_non_violence,Revue de 9 instants repartis sur tout le clip; aucune interaction physique agressive visible dans ce segment.
V096,cluster_0065,train|RWF-2000|train/Fight/rwf_train_fight_0249.avi,train,RWF-2000,train/Fight/rwf_train_fight_0249.avi,1af2f0cef6f92377a64d8ef2a17e270dbeca98661dcb2b7ad2a342f613766f5f,1,1,0,corrected_to_non_violence,"Hall d'hotel: passants et bagages; aucun coup, contact agressif, poursuite ou menace visible sur 24 instants."
V097,cluster_0065,validation|RWF-2000|train/NonFight/rwf_train_nonfight_0272.avi,validation,RWF-2000,train/NonFight/rwf_train_nonfight_0272.avi,f2a741787ec732b6c2ad442ff023a33959d188051c0dd4f49247bd71a59af45d,0,1,0,confirmed_non_violence,Revue de 9 instants repartis sur tout le clip; aucune interaction physique agressive visible dans ce segment.
V098,cluster_0066,validation|RWF-2000|train/Fight/rwf_train_fight_0436.avi,validation,RWF-2000,train/Fight/rwf_train_fight_0436.avi,da2c8ed1fba7ab24cb81a7a0e215d17c8d854f97a5f6c359048df3ce1470ce6a,1,1,1,confirmed_violence,"Revue de 9 instants repartis sur tout le clip; interaction physique agressive, lutte, poursuite ou menace visible dans le segment."
V099,cluster_0066,train|RWF-2000|train/NonFight/rwf_train_nonfight_0507.avi,train,RWF-2000,train/NonFight/rwf_train_nonfight_0507.avi,9b354dcbd8d1bfe6bb3db7ebf37a8afe2759b0861ab8839532df069d66fb8724,0,1,0,confirmed_non_violence,Revue de 9 instants repartis sur tout le clip; aucune interaction physique agressive visible dans ce segment.
V100,cluster_0074,train|RWF-2000|train/Fight/rwf_train_fight_0123.avi,train,RWF-2000,train/Fight/rwf_train_fight_0123.avi,2b8a4a089223ed2cb418a5f893d94f08873bec99edc241bd6844d9c3608780e5,1,1,1,confirmed_violence,"Revue de 9 instants repartis sur tout le clip; interaction physique agressive, lutte, poursuite ou menace visible dans le segment."
V101,cluster_0074,test|RWF-2000|train/NonFight/rwf_train_nonfight_0144.avi,test,RWF-2000,train/NonFight/rwf_train_nonfight_0144.avi,0dab4697d3335adf60fe999cf64fe61ff0f7a9fcc1a875f7d62bebfd79600dee,0,1,0,confirmed_non_violence,Revue de 9 instants repartis sur tout le clip; aucune interaction physique agressive visible dans ce segment.
V102,cluster_0077,test|RWF-2000|train/Fight/rwf_train_fight_0509.avi,test,RWF-2000,train/Fight/rwf_train_fight_0509.avi,7a4b510be52f0d62aa8d1336dcc9c073c2b0b4ec22f0447232acefe698de6574,1,1,0,corrected_to_non_violence,Voiture garee seule pendant tout le clip; aucun individu ni action violente visible sur 24 instants.
V103,cluster_0077,train|RWF-2000|train/NonFight/rwf_train_nonfight_0564.avi,train,RWF-2000,train/NonFight/rwf_train_nonfight_0564.avi,58d2a07fb8beb4d07a6b353feb639d3ab5e74d6e32f1e3967d7e4669c96b8e45,0,1,0,confirmed_non_violence,Revue de 9 instants repartis sur tout le clip; aucune interaction physique agressive visible dans ce segment.
V104,cluster_0086,test|RWF-2000|val/Fight/rwf_val_fight_0036.avi,test,RWF-2000,val/Fight/rwf_val_fight_0036.avi,b491cbb681e065ef53288f9a51398e11d7aecfe61999c861938bd91d838a7d90,1,1,1,confirmed_violence,"Revue de 9 instants repartis sur tout le clip; interaction physique agressive, lutte, poursuite ou menace visible dans le segment."
V105,cluster_0086,train|RWF-2000|val/NonFight/rwf_val_nonfight_0025.avi,train,RWF-2000,val/NonFight/rwf_val_nonfight_0025.avi,41129a99982cad02d9b0600ec21e73507bfb9c12865257d45d3b1acd7ee72421,0,1,0,confirmed_non_violence,Revue de 9 instants repartis sur tout le clip; aucune interaction physique agressive visible dans ce segment.
V106,cluster_0094,validation|RWF-2000|train/Fight/rwf_train_fight_0234.avi,validation,RWF-2000,train/Fight/rwf_train_fight_0234.avi,699fc283c996fb33edba232016d4771a97d55a24b9cbf71e8ebcc80619cdee21,1,1,1,confirmed_violence,"Revue de 9 instants repartis sur tout le clip; interaction physique agressive, lutte, poursuite ou menace visible dans le segment."
V107,cluster_0094,train|RWF-2000|train/NonFight/rwf_train_nonfight_0254.avi,train,RWF-2000,train/NonFight/rwf_train_nonfight_0254.avi,c36c285be46dfc1eb438d058fe1b14568e90a3cc6d21ad4836a997976bf137bd,0,1,0,confirmed_non_violence,Revue de 9 instants repartis sur tout le clip; aucune interaction physique agressive visible dans ce segment.
V108,cluster_0095,train|RWF-2000|train/Fight/rwf_train_fight_0321.avi,train,RWF-2000,train/Fight/rwf_train_fight_0321.avi,b4d8caf75954ba0bfabaf1c3025fa85f9db3545fba5ec4566c6d614228f98138,1,1,1,confirmed_violence,"Revue de 9 instants repartis sur tout le clip; interaction physique agressive, lutte, poursuite ou menace visible dans le segment."
V109,cluster_0095,train|RWF-2000|train/Fight/rwf_train_fight_0322.avi,train,RWF-2000,train/Fight/rwf_train_fight_0322.avi,66acc3ce705c6fc3c71918444eba1765c54c81ab939db6a7943bf78fa24e0ef8,1,1,0,corrected_to_non_violence,Fin de scene: les personnes se dispersent et marchent; aucun contact agressif visible dans ce segment sur 24 instants.
V110,cluster_0095,validation|RWF-2000|train/NonFight/rwf_train_nonfight_0342.avi,validation,RWF-2000,train/NonFight/rwf_train_nonfight_0342.avi,75c97eca7042c9c82abbd9f338b21cc3a6a8898d0c38f913ac08727bc7a5a018,0,2,0,confirmed_non_violence,Revue de 9 instants repartis sur tout le clip; aucune interaction physique agressive visible dans ce segment.
V111,cluster_0097,train|RWF-2000|train/Fight/rwf_train_fight_0377.avi,train,RWF-2000,train/Fight/rwf_train_fight_0377.avi,abcd077fbaed44bf0086072aed41a99a65d84743404f6083d8a3e41db57d1ecd,1,1,1,confirmed_violence,"Revue de 9 instants repartis sur tout le clip; interaction physique agressive, lutte, poursuite ou menace visible dans le segment."
V112,cluster_0097,validation|RWF-2000|train/NonFight/rwf_train_nonfight_0431.avi,validation,RWF-2000,train/NonFight/rwf_train_nonfight_0431.avi,82755e43f8e48adcde56c7512eec6235e882b85e7dd5d0b40934fab8ffb544a8,0,1,0,confirmed_non_violence,Revue de 9 instants repartis sur tout le clip; aucune interaction physique agressive visible dans ce segment.
V113,cluster_0102,train|RWF-2000|val/Fight/rwf_val_fight_0042.avi,train,RWF-2000,val/Fight/rwf_val_fight_0042.avi,45d12fe47fc75cd30e471df89dfa3ccd84e2ccfff2c10047217067ab4fb69392,1,2,0,corrected_to_non_violence,Parking lointain: des pietons marchent; aucun contact ni geste agressif visible sur 24 instants.
V114,cluster_0102,validation|RWF-2000|val/NonFight/rwf_val_nonfight_0040.avi,validation,RWF-2000,val/NonFight/rwf_val_nonfight_0040.avi,1ed5a53fea0cafff78517810b88c636bf1faa7efe64850ec238c8878433b9e5d,0,1,0,confirmed_non_violence,Revue de 9 instants repartis sur tout le clip; aucune interaction physique agressive visible dans ce segment.
V115,cluster_0102,validation|RWF-2000|val/NonFight/rwf_val_nonfight_0041.avi,validation,RWF-2000,val/NonFight/rwf_val_nonfight_0041.avi,dbc517113bb5f6b1e9429ea796e26524eebbc2c8f8351f7783cb8d665d1877fe,0,1,0,confirmed_non_violence,Revue de 9 instants repartis sur tout le clip; aucune interaction physique agressive visible dans ce segment.
V116,cluster_0128,test|RWF-2000|train/Fight/rwf_train_fight_0369.avi,test,RWF-2000,train/Fight/rwf_train_fight_0369.avi,5365369272df4fe6075a8101cf9703ca2e9b8ce1e37e8a84ba23126f8ce72f44,1,1,0,corrected_to_non_violence,"Homme seul pres d'une cloture; aucun adversaire, coup ou action violente visible sur 24 instants."
V117,cluster_0128,train|RWF-2000|train/NonFight/rwf_train_nonfight_0426.avi,train,RWF-2000,train/NonFight/rwf_train_nonfight_0426.avi,69a0326b00c7a6e7522abfacd68bfae8aa71f0a799ed549f8551801d9d11b3b8,0,1,0,confirmed_non_violence,Revue de 9 instants repartis sur tout le clip; aucune interaction physique agressive visible dans ce segment.
V118,cluster_0136,test|RWF-2000|train/Fight/rwf_train_fight_0763.avi,test,RWF-2000,train/Fight/rwf_train_fight_0763.avi,d5a67ae596c23fc3a852eed329330244b5289a62e8d5e7a9b7552651b5b5cc63,1,1,1,confirmed_violence,"Revue de 9 instants repartis sur tout le clip; interaction physique agressive, lutte, poursuite ou menace visible dans le segment."
V119,cluster_0136,train|RWF-2000|train/NonFight/rwf_train_nonfight_0799.avi,train,RWF-2000,train/NonFight/rwf_train_nonfight_0799.avi,2dd8ec5524857d8165c7da81c4ac8cefe834c81d499f2e2d74601e4787526392,0,1,0,confirmed_non_violence,Revue de 9 instants repartis sur tout le clip; aucune interaction physique agressive visible dans ce segment.
V120,cluster_0140,train|RWF-2000|train/Fight/rwf_train_fight_0310.avi,train,RWF-2000,train/Fight/rwf_train_fight_0310.avi,1764f7af1ffdc5138ccc15d62919f6a3b03ef49598bed71a6b2486cddbb4585e,1,1,1,confirmed_violence,"Revue de 9 instants repartis sur tout le clip; interaction physique agressive, lutte, poursuite ou menace visible dans le segment."
V121,cluster_0140,test|RWF-2000|train/NonFight/rwf_train_nonfight_0332.avi,test,RWF-2000,train/NonFight/rwf_train_nonfight_0332.avi,c6156b8626a1f6a41fec99386f95c5479efcef6b54cdf3a1ede2b09974267919,0,1,0,confirmed_non_violence,Revue de 9 instants repartis sur tout le clip; aucune interaction physique agressive visible dans ce segment.
V122,cluster_0142,train|RWF-2000|train/Fight/rwf_train_fight_0463.avi,train,RWF-2000,train/Fight/rwf_train_fight_0463.avi,a2c86509c54cae3a3d8401021f3f4d19ddc324accd47dd3977501630c2b6c1e9,1,1,1,confirmed_violence,"Revue de 9 instants repartis sur tout le clip; interaction physique agressive, lutte, poursuite ou menace visible dans le segment."
V123,cluster_0142,test|RWF-2000|train/NonFight/rwf_train_nonfight_0522.avi,test,RWF-2000,train/NonFight/rwf_train_nonfight_0522.avi,9c6e45738cff881a61248585b5634900962220f886b0c15a9524e26788854a71,0,1,0,confirmed_non_violence,Revue de 9 instants repartis sur tout le clip; aucune interaction physique agressive visible dans ce segment.
V124,cluster_0171,train|RWF-2000|train/Fight/rwf_train_fight_0064.avi,train,RWF-2000,train/Fight/rwf_train_fight_0064.avi,34b641d5e7627f72aa45d7c5aa422566d174d549fdd1882aa55478a2d93e2f8c,1,1,1,confirmed_violence,"Revue de 9 instants repartis sur tout le clip; interaction physique agressive, lutte, poursuite ou menace visible dans le segment."
V125,cluster_0171,validation|RWF-2000|train/NonFight/rwf_train_nonfight_0067.avi,validation,RWF-2000,train/NonFight/rwf_train_nonfight_0067.avi,0d7ae34e777fc8d7e33a28c611d17edad5c9e03ac8ea5201908a67e513e58c69,0,1,0,confirmed_non_violence,Revue de 9 instants repartis sur tout le clip; aucune interaction physique agressive visible dans ce segment.
V126,cluster_0188,train|RWF-2000|val/Fight/rwf_val_fight_0029.avi,train,RWF-2000,val/Fight/rwf_val_fight_0029.avi,04771d703b86a34242255de5b9ff8d246cf5cfaa2ef937cc81d1559fd2cae67e,1,1,1,confirmed_violence,"Revue de 9 instants repartis sur tout le clip; interaction physique agressive, lutte, poursuite ou menace visible dans le segment."
V127,cluster_0188,validation|RWF-2000|val/NonFight/rwf_val_nonfight_0023.avi,validation,RWF-2000,val/NonFight/rwf_val_nonfight_0023.avi,657697c4a2fbcf6174fa9b508ab4144cf3dc95333df105fd00c386d83ad3c126,0,1,0,confirmed_non_violence,Revue de 9 instants repartis sur tout le clip; aucune interaction physique agressive visible dans ce segment.
V128,cluster_0189,train|RWF-2000|val/Fight/rwf_val_fight_0070.avi,train,RWF-2000,val/Fight/rwf_val_fight_0070.avi,d0a272935005a8e36cb1ca9b0429426cffa53f66c100e3c092f74d2ea6d456bc,1,1,1,confirmed_violence,"Revue de 9 instants repartis sur tout le clip; interaction physique agressive, lutte, poursuite ou menace visible dans le segment."
V129,cluster_0189,validation|RWF-2000|val/NonFight/rwf_val_nonfight_0072.avi,validation,RWF-2000,val/NonFight/rwf_val_nonfight_0072.avi,7755a37555189eb674bd3e3bae480af8a02961d96e14c0d8d92868450e833dd8,0,1,0,confirmed_non_violence,Revue de 9 instants repartis sur tout le clip; aucune interaction physique agressive visible dans ce segment.
