scene_group_id,group_origin,dataset,relative_path,sha256,label,original_label,label_corrected,previous_split,new_split,split_changed
cluster_0003,perceptual_near_duplicate,RLVS,NonViolence/NV_103.mp4,fe91c812adf91eb8ee366f347ec096f737b9ec39711a45041c0961b89fa7ccbf,0,0,0,test,train,1
cluster_0104,perceptual_near_duplicate,RLVS,NonViolence/NV_155.mp4,27c9e89eff53352f855c11564e01207c443881594c7d662f9f66cc892d911b3f,0,0,0,train,test,1
cluster_0105,perceptual_near_duplicate,RLVS,NonViolence/NV_158.mp4,ade2b4e8806af6d76e7fe1c7843f5f0441a5e6bf0a6499f1dcfe3dd3eaf28d35,0,0,0,test,train,1
cluster_0003,perceptual_near_duplicate,RLVS,NonViolence/NV_183.mp4,d8c1535a73d8a5670b8cfbfcf79b22398f84c04d9c8920e7f3457d7c38ad7836,0,0,0,validation,train,1
cluster_0003,perceptual_near_duplicate,RLVS,NonViolence/NV_189.mp4,5962b889b9357f871f6f0dfff4a7a9899076a770cc1d111ffebc6e4764378643,0,0,0,test,train,1
cluster_0106,perceptual_near_duplicate,RLVS,NonViolence/NV_197.mp4,355cf2ef06ce95d5af8dc5c3fa48a2976ab9b04642e8947b02d01e817891e0d8,0,0,0,train,test,1
cluster_0107,perceptual_near_duplicate,RLVS,NonViolence/NV_218.mp4,5ef606a8de514e556ae01832c0c76cb885eab135227f3bd875434782b3a8bd4c,0,0,0,train,test,1
cluster_0108,perceptual_near_duplicate,RLVS,NonViolence/NV_225.mp4,69d720bdfd19fb042b3dfe678887a00b2d50b06eaca11c9d2bea51c798bb29cf,0,0,0,train,test,1
cluster_0109,perceptual_near_duplicate,RLVS,NonViolence/NV_234.mp4,1742a20062dfd9c075a1dc86a0f0fd32429a369e81470affa8e4c4169ae756f3,0,0,0,train,test,1
cluster_0153,perceptual_near_duplicate,RLVS,NonViolence/NV_247.mp4,9920b51a4a6fd04d7da560ecc9568a6a995c90d4dce6ecd4b8799931340bbbeb,0,0,0,train,validation,1
cluster_0043,perceptual_near_duplicate,RLVS,NonViolence/NV_248.mp4,1e097ff193cdb91e016243b778ea414511c82a2555001d1628d85ba7baec43d3,0,0,0,test,train,1
cluster_0025,perceptual_near_duplicate,RLVS,NonViolence/NV_259.mp4,06b4b428a105f87af4f651b637528c11067bc958d22ae44508778063249fdbf7,0,0,0,test,train,1
cluster_0025,perceptual_near_duplicate,RLVS,NonViolence/NV_263.mp4,eca23ccce1abcda3fd74a0dff40997500502aaacf30149947f6917e72106f314,0,0,0,test,train,1
cluster_0069,perceptual_near_duplicate,RLVS,NonViolence/NV_279.mp4,f1bcd0ba758ae5705dc03b6be843b63566a216d27f702e7158e4472ffb3c88c2,0,0,0,test,train,1
cluster_0090,perceptual_near_duplicate,RLVS,NonViolence/NV_288.mp4,b7a9c9af9316b0650a580cb8494511d9942419b90856e4f407b346878d94f129,0,0,0,validation,train,1
cluster_0154,perceptual_near_duplicate,RLVS,NonViolence/NV_352.mp4,995f44009d616f3bac6f800ebd6debdc40d323a6dd72716f482cdf23932f4738,0,0,0,train,validation,1
cluster_0002,perceptual_near_duplicate,RLVS,NonViolence/NV_364.mp4,a9cdce9797509e4c16b31fe6571fbb19c6aa5e175394f959b075cc8e858151a8,0,0,0,validation,train,1
cluster_0070,perceptual_near_duplicate,RLVS,NonViolence/NV_366.mp4,e6df26cc20e60c089048e7156246ac98d21686b5ab3793940f7dbd2ca7d8e6a2,0,0,0,test,train,1
cluster_0002,perceptual_near_duplicate,RLVS,NonViolence/NV_373.mp4,76c4df6393f7cc250ceec92eb72b2baf92cc41de9d4591a00988e24f7a7d0ad3,0,0,0,validation,train,1
cluster_0002,perceptual_near_duplicate,RLVS,NonViolence/NV_374.mp4,f3f9292203ffec607ee0a86074af5113032e774adfdeae2a00249320bf5ed431,0,0,0,test,train,1
cluster_0002,perceptual_near_duplicate,RLVS,NonViolence/NV_375.mp4,39f6441e3715ed327046edb043fb3939e42c8f3e6b1ae6e274d75bf8a1a35dab,0,0,0,test,train,1
cluster_0002,perceptual_near_duplicate,RLVS,NonViolence/NV_379.mp4,21a9664c47a43823975e914fe1aeba86378fd5782a45754c42ff8dac369d5bc8,0,0,0,test,train,1
cluster_0044,perceptual_near_duplicate,RLVS,NonViolence/NV_38.mp4,f1b438c78b3f5cecf8d543bef0e62b76e63a83fe1bd795bbf4d9f19893dd9089,0,0,0,test,train,1
cluster_0002,perceptual_near_duplicate,RLVS,NonViolence/NV_384.mp4,0a718e47808a9756c20efaffb6f02b1dd2e0703eca11bf2c4b49d2f72f23fb24,0,0,0,validation,train,1
cluster_0045,perceptual_near_duplicate,RLVS,NonViolence/NV_385.mp4,1addf6cfd1e51e909d9ccad200a6cadc6c35da81fca7f9b12a6f715a81e853df,0,0,0,test,train,1
cluster_0005,perceptual_near_duplicate,RLVS,NonViolence/NV_386.mp4,9a11248c6bb6b4f44a0be9ef6d61384765c4acd27c451b6b20ee1a70fc623a48,0,0,0,validation,train,1
cluster_0005,perceptual_near_duplicate,RLVS,NonViolence/NV_391.mp4,6f7eac696f86b25bcd46e0785b0eb614453c286a48ad7eab6737396e47cf663c,0,0,0,validation,train,1
cluster_0005,perceptual_near_duplicate,RLVS,NonViolence/NV_393.mp4,4ac72bae4311899b370a76cc60f1410ba7e7c04f0cd4425a18caabd65b2208b2,0,0,0,validation,train,1
cluster_0110,perceptual_near_duplicate,RLVS,NonViolence/NV_415.mp4,aee3cb5e9b4ad621f3f02ad43d6c0559cb6122704a2b315c8a829cb8e9355ef4,0,0,0,validation,test,1
cluster_0111,perceptual_near_duplicate,RLVS,NonViolence/NV_444.mp4,cee7930e72b5a5926735c1f0f9b031de65836604ff08aca43a98222f35bc7f35,0,0,0,train,test,1
cluster_0113,perceptual_near_duplicate,RLVS,NonViolence/NV_453.mp4,e4f468cc0da5f19ac0266dfca118f3b7926f691853767812431c5a13deedbbd6,0,0,0,train,test,1
cluster_0155,perceptual_near_duplicate,RLVS,NonViolence/NV_457.mp4,31eb5e52b347920b32936d9d7cd4424196e05beae0b22a08572bfa5165679026,0,0,0,train,validation,1
cluster_0156,perceptual_near_duplicate,RLVS,NonViolence/NV_460.mp4,5910bc4cf6d77319ad62513ab3e0f195dded0c0f82eddf99d86fcfa0807ea281,0,0,0,train,validation,1
cluster_0157,perceptual_near_duplicate,RLVS,NonViolence/NV_481.mp4,0868fd120526b7de1cfc213da72ddaf87affdc35a132862547bac3dfb1bd5e70,0,0,0,train,validation,1
cluster_0071,perceptual_near_duplicate,RLVS,NonViolence/NV_493.mp4,9c727a5c1d414ef9af46902f8857f4411bb69b5d6065565a8a43d2e60b2f5b03,0,0,0,validation,test,1
cluster_0071,perceptual_near_duplicate,RLVS,NonViolence/NV_495.mp4,06d8ad296b3a2e182b0ba74420932aa5a4cb277287100cf2e033f4713edaa42d,0,0,0,train,test,1
cluster_0114,perceptual_near_duplicate,RLVS,NonViolence/NV_507.mp4,74fb5bef5e40c8da43e852c3db4b81c9783c7c8f01af84139d1a08da0cc9e685,0,0,0,train,test,1
cluster_0158,perceptual_near_duplicate,RLVS,NonViolence/NV_510.mp4,715bf05e54ea430b3bd1da054fb58ef6a9884343d55f5000916458d578b16425,0,0,0,train,validation,1
cluster_0046,perceptual_near_duplicate,RLVS,NonViolence/NV_517.mp4,03e94f6b06894045b5c1e28dab0e8ed1ac2bb0cf3a2894f04410500f9f9de7d2,0,0,0,train,test,1
cluster_0091,perceptual_near_duplicate,RLVS,NonViolence/NV_525.mp4,f08484f6b8f1c9fef0aadb372392fd82f8be3b3a605916510777466c0375506f,0,0,0,validation,train,1
cluster_0159,perceptual_near_duplicate,RLVS,NonViolence/NV_534.mp4,bee739f065024ec7a51840d489b2a940ddc21ad93e2d88eaa2fe9fb4071b4d46,0,0,0,train,validation,1
cluster_0046,perceptual_near_duplicate,RLVS,NonViolence/NV_541.mp4,f3cba95e6b95b39fdebdd752afca1a6392fe533c17c02153286b055fcb9255f6,0,0,0,train,test,1
cluster_0160,perceptual_near_duplicate,RLVS,NonViolence/NV_579.mp4,aa743079b647eea0c7eaa0567f080027bcb399177f7db480f045a287362776e8,0,0,0,train,validation,1
cluster_0161,perceptual_near_duplicate,RLVS,NonViolence/NV_624.mp4,15775b7d8187d4afbf387b281fd40c84729685162a6ad30a5de42d7b668b7eaf,0,0,0,train,validation,1
cluster_0115,perceptual_near_duplicate,RLVS,NonViolence/NV_638.mp4,c69ca211383f3baff956b8da2d51c03cd8b14f8ad4a4b52c3f739ecb3aa6f564,0,0,0,train,test,1
cluster_0162,perceptual_near_duplicate,RLVS,NonViolence/NV_655.mp4,e16d54b05769e4a7732489a0da5e4c5645b6bbce94cd093e800e87c43920b61b,0,0,0,train,validation,1
cluster_0163,perceptual_near_duplicate,RLVS,NonViolence/NV_683.mp4,f8f8b475407290912e2bbaac2c2b56054230fb9cc9a4a5443b2ce8d226205520,0,0,0,validation,train,1
cluster_0164,perceptual_near_duplicate,RLVS,NonViolence/NV_688.mp4,fe7691bb3d8ecccc64c6271eccd1fd3cc6f4c1bc239b23e5c6b30445b21e96cb,0,0,0,validation,train,1
cluster_0116,perceptual_near_duplicate,RLVS,NonViolence/NV_692.mp4,b9859f4c7c95b6f04fa1404b8dfb7ae5700c69fb62afcf4aa75f52bbfdcf346a,0,0,0,train,test,1
cluster_0072,perceptual_near_duplicate,RLVS,NonViolence/NV_705.mp4,7520933da54707bcb49ede66ce0ec77b745ad2635af2f34b6f38e868d2c94b6f,0,0,0,test,train,1
cluster_0165,perceptual_near_duplicate,RLVS,NonViolence/NV_710.mp4,1badb5d1fe77217082420ff9164f5345db6c1f58f4fcf67fbda20b3a1697284e,0,0,0,train,validation,1
cluster_0047,perceptual_near_duplicate,RLVS,NonViolence/NV_731.mp4,889d66f825dd78c0780073b9a167072f777855d9e55c999c12d8cc2c07b669ff,0,0,0,train,test,1
cluster_0047,perceptual_near_duplicate,RLVS,NonViolence/NV_737.mp4,dc13fb0936aa9daee8aa531bda1a4f71185037f802ed0779fed5e3ddd5cdb891,0,0,0,train,test,1
cluster_0117,perceptual_near_duplicate,RLVS,NonViolence/NV_758.mp4,281872a00c1e86f8dc089d5e6c7ddb56471ec50a335b23d182e131bb9d1b1d21,0,0,0,train,test,1
cluster_0166,perceptual_near_duplicate,RLVS,NonViolence/NV_797.mp4,a840a10137d1edd067adbf634d38b76998d1d4196c85120b789a49876a631159,0,0,0,train,validation,1
cluster_0092,perceptual_near_duplicate,RLVS,NonViolence/NV_866.avi,3ed741febe2a88c0ff1a5d083498bf3add47a5cafd5c39ad81fdf216f5d65d23,0,0,0,validation,train,1
cluster_0009,perceptual_near_duplicate,RLVS,NonViolence/NV_869.avi,082f6a12e83ccfa26677ff20855e6b420250601beac71d3ccdef764a249e29d6,0,0,0,test,train,1
cluster_0112,perceptual_near_duplicate,RLVS,NonViolence/NV_87.mp4,e76035288bd959548309809b0cf370f4c1c83a72c54c2eae298e0973af89d317,0,0,0,train,test,1
cluster_0009,perceptual_near_duplicate,RLVS,NonViolence/NV_872.avi,d34d150ef9d3ab3053e179d63d75ca6bbee2e3455a3d2fc9c412659bf97df30f,0,0,0,test,train,1
cluster_0009,perceptual_near_duplicate,RLVS,NonViolence/NV_877.avi,7cda97749fa81e27ac7a679d07e727f23d3b1da8c37d0ea4922e2c68a1483b3a,0,0,0,test,train,1
cluster_0013,perceptual_near_duplicate,RLVS,NonViolence/NV_881.avi,a9150c55ad75dbbc29182a046413c3ac37415e02afdc5678ea8dfb1cf95d8234,0,0,0,test,train,1
cluster_0013,perceptual_near_duplicate,RLVS,NonViolence/NV_884.avi,d975b5c63ab3be1f9e39ca856d8645dc9e22ed6e97cd42135680e9168e30afa2,0,0,0,test,train,1
cluster_0118,perceptual_near_duplicate,RLVS,NonViolence/NV_890.avi,bd0ed0b26a3630ee3ca713b907134af8aa2c53d2e415d79ca0e9aa9e20fd556c,0,0,0,train,test,1
cluster_0119,perceptual_near_duplicate,RLVS,NonViolence/NV_90.mp4,e967401c07df68d3fb4b4fc4b4059d832436ec838de72ba442fe86ba6745aed8,0,0,0,test,train,1
cluster_0037,perceptual_near_duplicate,RLVS,NonViolence/NV_939.mp4,1982b73d82157d1d1db8620b0dc87336f15482ff4ce15510abe7aac90d6786b6,0,0,0,validation,train,1
cluster_0037,perceptual_near_duplicate,RLVS,NonViolence/NV_952.mp4,24c5975667d168350378867a5da592005e9c113a877d33f4a71e992821e3bc3e,0,0,0,validation,train,1
cluster_0167,perceptual_near_duplicate,RLVS,NonViolence/NV_964.mp4,beecda8d08c23a881f810189a8e5ac1458ef691fa2dc361826b52efd7b60cd54,0,0,0,train,validation,1
cluster_0168,perceptual_near_duplicate,RLVS,NonViolence/NV_994.mp4,c7b709e0bfcc18bdfbbe1d60c7327dc6c00d1272aad8bc5914105dbedfa5b522,0,0,0,train,validation,1
cluster_0064,perceptual_near_duplicate,RLVS,NonViolence/NV_998.mp4,9cbbbd7bb6ddc23bf3b1d3aa6350ce82f1d237ff9b26cf806f8209ecd0a1fa43,0,0,0,validation,train,1
cluster_0120,perceptual_near_duplicate,RLVS,Violence/V_116.mp4,a4694e0a9fb999171a2c9ce51fa8216318b1be9214970bf80f047cbeaf699ee3,1,1,0,train,test,1
cluster_0169,perceptual_near_duplicate,RLVS,Violence/V_616.mp4,45f0f2ab22170671c9249589143d8971d7244094ccff389d07f700277c4059fc,1,1,0,train,validation,1
cluster_0121,perceptual_near_duplicate,RLVS,Violence/V_704.mp4,2a7dc583c4759b4e352c61bec495e12ad833320596394754b7d02a61aafba311,1,1,0,train,test,1
cluster_0170,perceptual_near_duplicate,RWF-2000,train/Fight/rwf_train_fight_0013.avi,2d46e4aab308b8b89a49117bf308e71435c9f1eed7a650477245155b8830547b,1,1,0,train,validation,1
cluster_0073,perceptual_near_duplicate,RWF-2000,train/Fight/rwf_train_fight_0029.avi,3b652a6d0c61714dfdf314d718a45e76c02d431137eec60b6cf6cb00569e7630,1,1,0,test,train,1
cluster_0048,perceptual_near_duplicate,RWF-2000,train/Fight/rwf_train_fight_0034.avi,31159d5c208dc6684bddf908bdca7b3312835d7f11b0fe3df12bc94bd4cb66a8,1,1,0,test,train,1
cluster_0122,perceptual_near_duplicate,RWF-2000,train/Fight/rwf_train_fight_0047.avi,11b1236ef299b1a7d4c95b4da35a4db702897bc576f1a0f4ea5a12de92ae1997,1,1,0,test,validation,1
cluster_0014,perceptual_near_duplicate,RWF-2000,train/Fight/rwf_train_fight_0052.avi,7ff0971fea943b539cf57181b2fc8e8502f93552674493db98942095386c6d79,1,1,0,train,test,1
cluster_0014,perceptual_near_duplicate,RWF-2000,train/Fight/rwf_train_fight_0054.avi,a90de783a8428483b7a955a27d74d58012c85d9c04d59173b9cf601cd0408eeb,1,1,0,train,test,1
cluster_0014,perceptual_near_duplicate,RWF-2000,train/Fight/rwf_train_fight_0056.avi,23b21c48de48d813c651f794867f81f1c31e115294ad2c2f6665e59b86b86403,1,1,0,train,test,1
cluster_0171,perceptual_near_duplicate,RWF-2000,train/Fight/rwf_train_fight_0064.avi,34b641d5e7627f72aa45d7c5aa422566d174d549fdd1882aa55478a2d93e2f8c,1,1,0,train,validation,1
cluster_0172,perceptual_near_duplicate,RWF-2000,train/Fight/rwf_train_fight_0075.avi,5689ccf8caaf6588a40367daf6c92123b6f85e2758853436a0c31a0b44ed169a,1,1,0,train,validation,1
cluster_0006,perceptual_near_duplicate,RWF-2000,train/Fight/rwf_train_fight_0076.avi,8d38902dee5f0220825da70cba00d044f507b78bab8fe731e609c7459b71b46e,1,1,0,test,train,1
cluster_0006,perceptual_near_duplicate,RWF-2000,train/Fight/rwf_train_fight_0077.avi,d7e95c2754354e5beb388b25ec792958225aa63d7d818fa1a8242e7297640cfa,1,1,0,validation,train,1
cluster_0006,perceptual_near_duplicate,RWF-2000,train/Fight/rwf_train_fight_0080.avi,676efa8e2aac54856d5ac8ff45383321ded847b739fa73988d75090d687ded8a,1,1,0,test,train,1
cluster_0173,perceptual_near_duplicate,RWF-2000,train/Fight/rwf_train_fight_0088.avi,6cfd5b246b113569a3e71a956fbfe6a9d8a80e1750dab42feac989ea796102c0,1,1,0,train,validation,1
cluster_0049,perceptual_near_duplicate,RWF-2000,train/Fight/rwf_train_fight_0110.avi,8a46038afbf7a1af2f3b5e49fbae15ffb92529c90ee6d03c2d7b6b9f671d4c2b,1,1,0,validation,train,1
cluster_0049,perceptual_near_duplicate,RWF-2000,train/Fight/rwf_train_fight_0111.avi,117dcfc78fd70502e7d858104f698c5263a64d35960a9499193f906474d6407a,1,1,0,test,train,1
cluster_0074,perceptual_near_duplicate,RWF-2000,train/Fight/rwf_train_fight_0123.avi,2b8a4a089223ed2cb418a5f893d94f08873bec99edc241bd6844d9c3608780e5,1,1,0,train,test,1
cluster_0015,perceptual_near_duplicate,RWF-2000,train/Fight/rwf_train_fight_0130.avi,f29ffd7335f0cb0b8ed07d103a4aa217c8c26c50b9780cff2f9c8cc0be9cdf12,1,1,0,test,validation,1
cluster_0015,perceptual_near_duplicate,RWF-2000,train/Fight/rwf_train_fight_0132.avi,74696e3e38ca52c6a579d5da5dcf252ada6adbf127177be0b83fbdd5415554cf,1,1,0,train,validation,1
cluster_0015,perceptual_near_duplicate,RWF-2000,train/Fight/rwf_train_fight_0133.avi,1ca7d188040566cd51b6623ab4c764d791e0f33d8e9c16d97672547b034e6b68,1,1,0,train,validation,1
cluster_0015,perceptual_near_duplicate,RWF-2000,train/Fight/rwf_train_fight_0134.avi,9eee44863f2659da245e5101af226cf830e69082cff6874236ba960aca73af55,1,1,0,train,validation,1
cluster_0174,perceptual_near_duplicate,RWF-2000,train/Fight/rwf_train_fight_0155.avi,bd60cc6dcfa7365bda54942add71cd78afd5e6b531b35fce6277d46c99123d56,1,1,0,train,validation,1
cluster_0010,perceptual_near_duplicate,RWF-2000,train/Fight/rwf_train_fight_0162.avi,85f57b67abbabeb75bf1d9e5505e18b3577538db9293b80ebbcef533f4a2c743,1,1,0,validation,test,1
cluster_0010,perceptual_near_duplicate,RWF-2000,train/Fight/rwf_train_fight_0163.avi,49bea4e76f38b841fd6c939d4c6fe06a2aaf324a76df34355948967212bf5617,1,1,0,train,test,1
cluster_0010,perceptual_near_duplicate,RWF-2000,train/Fight/rwf_train_fight_0164.avi,6f92d379635f3996d3e7230aacca7f842a7dbed8c381b3a9e2656ff1991f3810,1,1,0,train,test,1
cluster_0010,perceptual_near_duplicate,RWF-2000,train/Fight/rwf_train_fight_0166.avi,84b9069a2975c525fc3f4d3ffb5c291a1156a2c45d9e792a78c472c5f4ca89de,1,1,0,validation,test,1
cluster_0175,perceptual_near_duplicate,RWF-2000,train/Fight/rwf_train_fight_0177.avi,dd691ed8b0dd917c05537d661972d09d1b0e27c064889e7427d6689cbba8a6bc,1,1,0,train,validation,1
cluster_0016,perceptual_near_duplicate,RWF-2000,train/Fight/rwf_train_fight_0183.avi,1561a80585f9c951fd71ce10e09e8aab08aa0824a89be6acebbc9a5ffde57e48,1,1,0,test,validation,1
cluster_0016,perceptual_near_duplicate,RWF-2000,train/Fight/rwf_train_fight_0184.avi,a3b935fa428736d141a883867cdbee007dc6bb92152ebc5a9b7f7b4e693644d0,1,1,0,test,validation,1
cluster_0016,perceptual_near_duplicate,RWF-2000,train/Fight/rwf_train_fight_0188.avi,6bb44268d6e78b9a85a9362d698232158c57d50c3a7b37a0846e46f6dc20d13c,1,1,0,train,validation,1
cluster_0027,perceptual_near_duplicate,RWF-2000,train/Fight/rwf_train_fight_0198.avi,b324175103b6b94357462f32d293c4b185a1de56595a74d57054a01f2095c3a4,1,1,0,test,train,1
cluster_0027,perceptual_near_duplicate,RWF-2000,train/Fight/rwf_train_fight_0200.avi,488ca123c080e55a0ea4f706ef712d9ec88b7452c2fc3646876786a32de04797,1,1,0,test,train,1
cluster_0028,perceptual_near_duplicate,RWF-2000,train/Fight/rwf_train_fight_0210.avi,f2f275ea34421a8001872bc1410d12db7b06af2b5f1dfa23641de759787c8e75,1,1,0,validation,test,1
cluster_0028,perceptual_near_duplicate,RWF-2000,train/Fight/rwf_train_fight_0212.avi,5125ae14639a94823457d5702a955594482f5f64852e19908a39f20344626b7f,1,1,0,train,test,1
cluster_0028,perceptual_near_duplicate,RWF-2000,train/Fight/rwf_train_fight_0213.avi,e533e9581ee19303dcbb85a993c39ae026206741c7c0ee2e7b5140201b9f5e26,1,1,0,validation,test,1
cluster_0075,perceptual_near_duplicate,RWF-2000,train/Fight/rwf_train_fight_0219.avi,3d2642008b779115603e7832cfe9ebfaf34e0649a9cd428d53083f18d905f0ee,1,1,0,test,train,1
cluster_0094,perceptual_near_duplicate,RWF-2000,train/Fight/rwf_train_fight_0234.avi,699fc283c996fb33edba232016d4771a97d55a24b9cbf71e8ebcc80619cdee21,1,1,0,validation,train,1
cluster_0124,perceptual_near_duplicate,RWF-2000,train/Fight/rwf_train_fight_0237.avi,d07edb6b0b36354ccefff299adac1126794fa31408892142a6fd2a781c5e29c4,1,1,0,train,test,1
cluster_0176,perceptual_near_duplicate,RWF-2000,train/Fight/rwf_train_fight_0239.avi,bef8a1b11e4d286b2a93c09b04cb390a66c88515e8d7aeeb24c4335a4ac00fc0,1,1,0,train,validation,1
cluster_0050,perceptual_near_duplicate,RWF-2000,train/Fight/rwf_train_fight_0241.avi,66d92840083d61d534af54822a1de504d5cdca9bad0bcddfb53d77c4d69249a8,1,1,0,train,test,1
cluster_0050,perceptual_near_duplicate,RWF-2000,train/Fight/rwf_train_fight_0243.avi,c62139ca58ea434f6a93bb8bc09f7f78efb49d14b41629492fc060454eac2ce9,1,1,0,train,test,1
cluster_0065,perceptual_near_duplicate,RWF-2000,train/Fight/rwf_train_fight_0249.avi,1af2f0cef6f92377a64d8ef2a17e270dbeca98661dcb2b7ad2a342f613766f5f,0,1,1,train,validation,1
cluster_0177,perceptual_near_duplicate,RWF-2000,train/Fight/rwf_train_fight_0258.avi,59da6c7b88fdc187dc43b550394458cfe44c704a701764c51c97ba88e1d0a466,1,1,0,train,validation,1
cluster_0001,perceptual_near_duplicate,RWF-2000,train/Fight/rwf_train_fight_0270.avi,febda1518a536aafc28ec70cfe128ff22c72bfe4463fe7201e66c9098051ad2b,1,1,0,validation,train,1
cluster_0001,perceptual_near_duplicate,RWF-2000,train/Fight/rwf_train_fight_0273.avi,078172332afa26e1668a25a033ed29d325050598c8d854537922a50375f1051f,1,1,0,validation,train,1
cluster_0001,perceptual_near_duplicate,RWF-2000,train/Fight/rwf_train_fight_0274.avi,71065c4b4a3a50c33a86aecbb5528a472ddcb2bb798667b65fa7b9b3314dcf5a,1,1,0,validation,train,1
cluster_0001,perceptual_near_duplicate,RWF-2000,train/Fight/rwf_train_fight_0275.avi,5e3356123499b12a4fc7187de49b6108558ed3c76099cc6a6d971ca35ebd67bd,1,1,0,validation,train,1
cluster_0001,perceptual_near_duplicate,RWF-2000,train/Fight/rwf_train_fight_0277.avi,d24a31d300a73f10a29400bf4bba720e8a45bcb7b8ca9e292c7b450fa7d9633a,1,1,0,validation,train,1
cluster_0011,perceptual_near_duplicate,RWF-2000,train/Fight/rwf_train_fight_0279.avi,0fa1d34f2ff90ea667a44782a35835003673c4d2abc7c5370604a2a99677bc01,1,1,0,test,train,1
cluster_0011,perceptual_near_duplicate,RWF-2000,train/Fight/rwf_train_fight_0280.avi,64a3f212c930fb26e6dc25820c0518fad1110a15c8812912b2182c80535c54ed,1,1,0,validation,train,1
cluster_0011,perceptual_near_duplicate,RWF-2000,train/Fight/rwf_train_fight_0282.avi,2c7b1fb6c5715cfd96f7b1865f8c87b9f1452fd0e260ec5126b9b674eb2a0185,1,1,0,test,train,1
cluster_0125,perceptual_near_duplicate,RWF-2000,train/Fight/rwf_train_fight_0292.avi,ae3d60098a74435030ef6672a019becec1bf9caefab6d671da2680ee7149461a,1,1,0,train,test,1
cluster_0140,perceptual_near_duplicate,RWF-2000,train/Fight/rwf_train_fight_0310.avi,1764f7af1ffdc5138ccc15d62919f6a3b03ef49598bed71a6b2486cddbb4585e,1,1,0,train,test,1
cluster_0096,perceptual_near_duplicate,RWF-2000,train/Fight/rwf_train_fight_0332.avi,95c03e59ef62bcc29778da6828c34eee06b52f056f1faae33f5ee51b4a96c532,1,1,0,validation,train,1
cluster_0126,perceptual_near_duplicate,RWF-2000,train/Fight/rwf_train_fight_0338.avi,ca7bee6da3696373b57360b44cae0e5c678992ae35bb7afc49a653af7c15bccb,1,1,0,train,test,1
cluster_0051,perceptual_near_duplicate,RWF-2000,train/Fight/rwf_train_fight_0340.avi,43423056770958ae0044121434ab25c4392dd621d25cb2f0d8bc6125ec48698c,1,1,0,test,train,1
cluster_0127,perceptual_near_duplicate,RWF-2000,train/Fight/rwf_train_fight_0344.avi,cacb953d5cc4154031d7b4ad97ea58ffe32961bb76907bd2bf7ce754d08ed340,1,1,0,train,test,1
cluster_0008,perceptual_near_duplicate,RWF-2000,train/Fight/rwf_train_fight_0350.avi,e2135ba275ab0c5de3756756e147f6763125d86cccea1637aa49c0430f562088,1,1,0,validation,train,1
cluster_0129,perceptual_near_duplicate,RWF-2000,train/Fight/rwf_train_fight_0389.avi,dcdf9fcca490921a9f7ab30c13848d53d0de7f2f618074ceacc7d2ff1f2f37c1,1,1,0,test,validation,1
cluster_0029,perceptual_near_duplicate,RWF-2000,train/Fight/rwf_train_fight_0408.avi,6c16d729227e19559bd61d2bcaf32addc056b128f8146ac659e96e7db4fdd91b,1,1,0,test,train,1
cluster_0178,perceptual_near_duplicate,RWF-2000,train/Fight/rwf_train_fight_0429.avi,1187ec8f26dc5c1c3285976b451b8a00cf3192cd4b2510078e3ec7480748673a,1,1,0,train,validation,1
cluster_0066,perceptual_near_duplicate,RWF-2000,train/Fight/rwf_train_fight_0436.avi,da2c8ed1fba7ab24cb81a7a0e215d17c8d854f97a5f6c359048df3ce1470ce6a,1,1,0,validation,train,1
cluster_0131,perceptual_near_duplicate,RWF-2000,train/Fight/rwf_train_fight_0445.avi,068ce4805a3638a6276334c7cfe092b431e53f0c5dc21d2c8964e6a368129b46,1,1,0,train,test,1
cluster_0030,perceptual_near_duplicate,RWF-2000,train/Fight/rwf_train_fight_0446.avi,6f68ec88781599e2264009b54d75466cb524acabae513ed794b274f73eefc9da,1,1,0,train,test,1
cluster_0030,perceptual_near_duplicate,RWF-2000,train/Fight/rwf_train_fight_0450.avi,248e8cbaf2c017e2003ea43655523454b432440fb9a075db79d0b86f713bc27b,1,1,0,train,test,1
cluster_0004,perceptual_near_duplicate,RWF-2000,train/Fight/rwf_train_fight_0456.avi,5e314e6360b8558f0f3bd580f6f7ed4c2fd5219b1cbc1be208898ed1232570f5,1,1,0,validation,train,1
cluster_0021,perceptual_near_duplicate,RWF-2000,train/Fight/rwf_train_fight_0464.avi,f6bb359d9690bf6c3085f67e622c0a2f2a66c5085fbc179871fb6157a6c5e194,1,1,0,train,validation,1
cluster_0021,perceptual_near_duplicate,RWF-2000,train/Fight/rwf_train_fight_0466.avi,01c4046b7d4c5bbb81782e85efb5f64446d516cc728f0a009683a2ee1d4dfcac,1,1,0,train,validation,1
cluster_0031,perceptual_near_duplicate,RWF-2000,train/Fight/rwf_train_fight_0468.avi,560694d2722d1cf0312e48029f696b280e0d021705966e0f695e5f3ae7986233,1,1,0,train,test,1
cluster_0031,perceptual_near_duplicate,RWF-2000,train/Fight/rwf_train_fight_0469.avi,cca27958ece8b0f2b0f3e4c6efb0cbdef74c1ab39152041e6333304ab5e8a0ad,1,1,0,train,test,1
cluster_0031,perceptual_near_duplicate,RWF-2000,train/Fight/rwf_train_fight_0472.avi,eacf70cd5ef4e99bd2c1db6f6fc1ce1d2e4a60e9c0530460303f4dc7cb82edc4,1,1,0,validation,test,1
cluster_0039,perceptual_near_duplicate,RWF-2000,train/Fight/rwf_train_fight_0474.avi,16e05acf728ea3ba248bd321ed2447813e7f9cbccf8623434a2cd994deb5b88f,1,1,0,validation,train,1
cluster_0132,perceptual_near_duplicate,RWF-2000,train/Fight/rwf_train_fight_0475.avi,68f2e7772d709a12dab4c9b0b1cf51513dda5f3d0a741aef8db43fdb3a54f7e6,1,1,0,train,test,1
cluster_0133,perceptual_near_duplicate,RWF-2000,train/Fight/rwf_train_fight_0481.avi,39c249dc1b65d6a46d1ddc2b9fc879753d793e2551298cc7fa631aaa4b7ad160,1,1,0,train,test,1
cluster_0032,perceptual_near_duplicate,RWF-2000,train/Fight/rwf_train_fight_0484.avi,2196d8f6012f1bf7208f396318905c8d474fff059e311699dca329ce86687968,1,1,0,test,train,1
cluster_0076,perceptual_near_duplicate,RWF-2000,train/Fight/rwf_train_fight_0494.avi,cd3abeb93815cb0d34d8efd3b24ce2e4ac9a1894da3a550453a15d5f7ed11f82,1,1,0,train,test,1
cluster_0076,perceptual_near_duplicate,RWF-2000,train/Fight/rwf_train_fight_0495.avi,1224b3a5e276b971acc5d6e553781f5445fe27778618fbdc4a2bf5bbe1cc07f5,1,1,0,validation,test,1
cluster_0040,perceptual_near_duplicate,RWF-2000,train/Fight/rwf_train_fight_0507.avi,c795d26441e031c06edbaa25c9e6756bfaa49e141264af329d7a88e362275796,1,1,0,train,validation,1
cluster_0040,perceptual_near_duplicate,RWF-2000,train/Fight/rwf_train_fight_0508.avi,6cf4d3c41882dd74df528d20ca2a199ecf6f2dc4ac973e0e1ef708d640291fab,1,1,0,train,validation,1
cluster_0077,perceptual_near_duplicate,RWF-2000,train/Fight/rwf_train_fight_0509.avi,7a4b510be52f0d62aa8d1336dcc9c073c2b0b4ec22f0447232acefe698de6574,0,1,1,test,validation,1
cluster_0060,perceptual_near_duplicate,RWF-2000,train/Fight/rwf_train_fight_0511.avi,3800a8b7c24541c25b21a8c9d73001395cc04e321c187debd02cb7014a5d1cca,1,1,0,validation,train,1
cluster_0078,perceptual_near_duplicate,RWF-2000,train/Fight/rwf_train_fight_0514.avi,4da393116722bbe069f12df278620dd8aaeb439325f92374ed6fa4e9d18b80cc,1,1,0,test,train,1
cluster_0053,perceptual_near_duplicate,RWF-2000,train/Fight/rwf_train_fight_0516.avi,fab8d3f9acda7630d53eb483871bdc21dac4ada190f708690a8ed0c82fa5f1dd,1,1,0,train,validation,1
cluster_0053,perceptual_near_duplicate,RWF-2000,train/Fight/rwf_train_fight_0521.avi,23b2da4c38de51129a9cfc412a3d995107b946850e52fef43e4a278ea89a68b5,1,1,0,train,validation,1
cluster_0053,perceptual_near_duplicate,RWF-2000,train/Fight/rwf_train_fight_0522.avi,b786c29f018aeae162fd406537776276191e8a11009c1f638b519b875e3666e7,1,1,0,test,validation,1
cluster_0134,perceptual_near_duplicate,RWF-2000,train/Fight/rwf_train_fight_0534.avi,740a290b8b6001beec375dfec569742638f8927ebebbe1c3e3f34583ed91284f,1,1,0,train,test,1
cluster_0017,perceptual_near_duplicate,RWF-2000,train/Fight/rwf_train_fight_0536.avi,93e0bf47fbe10134634f8d7e884dc65df5beff0c56c5bfa623e834528d0af230,1,1,0,validation,train,1
cluster_0017,perceptual_near_duplicate,RWF-2000,train/Fight/rwf_train_fight_0537.avi,f9c6f6edc976c9ffde0546ee62f374df8a78f4d746b447373d9f44c634d8d058,1,1,0,validation,train,1
cluster_0017,perceptual_near_duplicate,RWF-2000,train/Fight/rwf_train_fight_0539.avi,88854f33fb2dbc794ce94983f840824790d13ee74a000ef5fbbd30998e596caa,1,1,0,test,train,1
cluster_0061,perceptual_near_duplicate,RWF-2000,train/Fight/rwf_train_fight_0582.avi,ecf9f4440fc97326d2b2b7eb38067dd3141b527729b0fc9d0edeea755eafabaa,1,1,0,validation,train,1
cluster_0004,perceptual_near_duplicate,RWF-2000,train/Fight/rwf_train_fight_0610.avi,98890de3073c8556b6b400dce8b9e856a05a37a1ae927793d02a3b5f8e5774a3,1,1,0,validation,train,1
cluster_0004,perceptual_near_duplicate,RWF-2000,train/Fight/rwf_train_fight_0611.avi,211f9b5eae27af891c8c930005713360bd8944a63f415a6ed86d108c81565dcc,1,1,0,test,train,1
cluster_0004,perceptual_near_duplicate,RWF-2000,train/Fight/rwf_train_fight_0612.avi,a60758281446a8d47598a66d0d18a8817bf0666a6b0644e2b3185670d580a66b,1,1,0,test,train,1
cluster_0018,perceptual_near_duplicate,RWF-2000,train/Fight/rwf_train_fight_0613.avi,bd2e106f55bc8038cc0dcd6109e17d8c069788ac0965a8db07056562d2f98f54,1,1,0,test,train,1
cluster_0018,perceptual_near_duplicate,RWF-2000,train/Fight/rwf_train_fight_0617.avi,d8f9912e195688c22fb0cc9d5db8f6315291439a1a9ead8279bba42b7d4bd763,1,1,0,validation,train,1
cluster_0079,perceptual_near_duplicate,RWF-2000,train/Fight/rwf_train_fight_0625.avi,60a7586f76ec7580e1b66eef0d4eacfaa1215a8034324abb02ff6f1c0670804e,1,1,0,train,test,1
cluster_0041,perceptual_near_duplicate,RWF-2000,train/Fight/rwf_train_fight_0646.avi,174697d14029f9e36f7829d2ad00fd0e50c38c3aafb68c09a1c8e1053c1500d1,1,1,0,validation,train,1
cluster_0054,perceptual_near_duplicate,RWF-2000,train/Fight/rwf_train_fight_0651.avi,7446929b02a4a87b030432ff014301b336806ddb1e005963f5e9366078a844c2,1,1,0,test,train,1
cluster_0135,perceptual_near_duplicate,RWF-2000,train/Fight/rwf_train_fight_0667.avi,a8f25fc819a080cffe1817b679620fa441c4c21b1cae1498047054f5baf73c87,1,1,0,test,validation,1
cluster_0098,perceptual_near_duplicate,RWF-2000,train/Fight/rwf_train_fight_0676.avi,3b6eafee6acac08466028034e27c74984bd19da73e7fedab44aca09c3c80a36f,1,1,0,validation,train,1
cluster_0055,perceptual_near_duplicate,RWF-2000,train/Fight/rwf_train_fight_0697.avi,87ea0aa6324838f9120e21673ba3534e5fe8c3c484cd7e522aab77f27fae2945,1,1,0,test,validation,1
cluster_0055,perceptual_near_duplicate,RWF-2000,train/Fight/rwf_train_fight_0699.avi,ceac731800094c6c4c560846996b176a17669eacb6985b133b2aedaaf6664f84,1,1,0,train,validation,1
cluster_0012,perceptual_near_duplicate,RWF-2000,train/Fight/rwf_train_fight_0702.avi,3fdf090beddaadaf9d7df22bee1efc043bcd189d90aaf6c2c26a6d3fccb910fb,1,1,0,train,validation,1
cluster_0067,perceptual_near_duplicate,RWF-2000,train/Fight/rwf_train_fight_0737.avi,140d959d01ffdc8804d4a49da0601146552f50c31f208f492c5370c64feff56d,1,1,0,validation,train,1
cluster_0012,perceptual_near_duplicate,RWF-2000,train/Fight/rwf_train_fight_0759.avi,d7ccc5adf868c6a01dd115c797016f660e66a2ee58b52bdf53fe77afee8faa5d,1,1,0,train,validation,1
cluster_0012,perceptual_near_duplicate,RWF-2000,train/Fight/rwf_train_fight_0760.avi,8817ea8465cc9934ff85098c7a3be250c029c120960f0d6aa788b420baad864f,1,1,0,train,validation,1
cluster_0136,perceptual_near_duplicate,RWF-2000,train/Fight/rwf_train_fight_0763.avi,d5a67ae596c23fc3a852eed329330244b5289a62e8d5e7a9b7552651b5b5cc63,1,1,0,test,train,1
cluster_0033,perceptual_near_duplicate,RWF-2000,train/Fight/rwf_train_fight_0766.avi,98cd21c404bf9b75135548a186c592584331e84252391244584d7b8d0b4d669c,1,1,0,test,train,1
cluster_0099,perceptual_near_duplicate,RWF-2000,train/Fight/rwf_train_fight_0779.avi,506fa25a1303d0ebb44c3bde5d54fff160830b79eb613b4334f44b84780b6a84,1,1,0,validation,train,1
cluster_0068,perceptual_near_duplicate,RWF-2000,train/Fight/rwf_train_fight_0783.avi,93e39a9db0da74f4d19ce8ec12fcaf83bec3a0915bc58759a38a9a41abdced9d,1,1,0,validation,train,1
cluster_0056,perceptual_near_duplicate,RWF-2000,train/NonFight/rwf_train_nonfight_0013.avi,437dd8aa91cd985648a29aa0ff39d38ba17d2f4260bb73cb4f1acf219aee0182,0,0,0,test,train,1
cluster_0048,perceptual_near_duplicate,RWF-2000,train/NonFight/rwf_train_nonfight_0039.avi,a9946ff72edc1f414b8aab6775d494bdd397b2102accd31410d6ae8176213dc2,0,0,0,validation,train,1
cluster_0080,perceptual_near_duplicate,RWF-2000,train/NonFight/rwf_train_nonfight_0041.avi,8775cf7ad332f67fe117fbf7f45bd2a23ef1befe8b8bcba31a13826c4ce7a092,0,0,0,test,validation,1
cluster_0080,perceptual_near_duplicate,RWF-2000,train/NonFight/rwf_train_nonfight_0043.avi,f1cc0b2a10661de91bfd4827c3667892f29a3f74f1e4b1f5f882cd0e85e72380,0,0,0,train,validation,1
cluster_0179,perceptual_near_duplicate,RWF-2000,train/NonFight/rwf_train_nonfight_0064.avi,7ea6531885d9bad1caa1d8dc8980fe2d6d77bb3715137da9640152d7e5fc1381,0,0,0,train,validation,1
cluster_0137,perceptual_near_duplicate,RWF-2000,train/NonFight/rwf_train_nonfight_0088.avi,975c4944e292a72fdb93df9f262c987695025e87cdfe71a45a1a199c37235ad1,0,0,0,train,test,1
cluster_0123,perceptual_near_duplicate,RWF-2000,train/NonFight/rwf_train_nonfight_0099.avi,1db58d1470a11eab629eeee778e0d7b15d8bdb9d39806e8f0bf0de9e663bc8c6,0,0,0,train,test,1
cluster_0093,perceptual_near_duplicate,RWF-2000,train/NonFight/rwf_train_nonfight_0111.avi,24b25071a2343d5f8c696b95259fc5d72283b8a2a50ea84d1dbba6aed9da6cbb,0,0,0,validation,train,1
cluster_0026,perceptual_near_duplicate,RWF-2000,train/NonFight/rwf_train_nonfight_0124.avi,5544093edae505aa4513fd89b019819642c11ac8f3e23d4834161a08e62448e2,0,0,0,train,test,1
cluster_0100,perceptual_near_duplicate,RWF-2000,train/NonFight/rwf_train_nonfight_0133.avi,37a1344db9f15b99c36f75292eb8b03b12d91b4d84596e1c05dfc043987388e9,0,0,0,validation,train,1
cluster_0180,perceptual_near_duplicate,RWF-2000,train/NonFight/rwf_train_nonfight_0147.avi,0d43bc5030c37a4c1814cb4d014994f2c5c200ca9c79c1d71c420cf229e76ba2,0,0,0,train,validation,1
cluster_0181,perceptual_near_duplicate,RWF-2000,train/NonFight/rwf_train_nonfight_0149.avi,0386c19a06c0ce736200e98df958a5bac767c33b1f37fc3a8e8ccefa5d12acd5,0,0,0,train,validation,1
cluster_0138,perceptual_near_duplicate,RWF-2000,train/NonFight/rwf_train_nonfight_0150.avi,2887d0e140b3bc6622954f0e7bef7eb66103c55b08a998af2c2a3693231b1ea9,0,0,0,train,test,1
cluster_0144,perceptual_near_duplicate,RWF-2000,train/NonFight/rwf_train_nonfight_0152.avi,a56abdb06f14ebf4766579968c420fe08d7048b2b0d709a8b9a786d736f3c97f,0,0,0,train,test,1
cluster_0101,perceptual_near_duplicate,RWF-2000,train/NonFight/rwf_train_nonfight_0158.avi,439e4267c44cc9c77734ad8627623303532960e9648f79ad20320cb2613f7e88,0,0,0,train,validation,1
cluster_0182,perceptual_near_duplicate,RWF-2000,train/NonFight/rwf_train_nonfight_0168.avi,17c62f61ccdbdcb271aaf2ee455983157fabf994d890c4000ea1212b060991a2,0,0,0,train,validation,1
cluster_0183,perceptual_near_duplicate,RWF-2000,train/NonFight/rwf_train_nonfight_0169.avi,27361b105336daa70f319bf10eaba41543590f2eba31e0368a11cebfdb477f21,0,0,0,train,validation,1
cluster_0139,perceptual_near_duplicate,RWF-2000,train/NonFight/rwf_train_nonfight_0178.avi,2b26bbe1a8b4667625e7b46469afed7bcdfa03cba249d13f986980588d38f260,0,0,0,train,test,1
cluster_0021,perceptual_near_duplicate,RWF-2000,train/NonFight/rwf_train_nonfight_0181.avi,444dd5d54ff5bc7dc9f9f0d2e985e21b83fa1269fb6c41da814f02346e4b2c58,0,0,0,train,validation,1
cluster_0010,perceptual_near_duplicate,RWF-2000,train/NonFight/rwf_train_nonfight_0190.avi,9aadc828fd832fd08f804020820b06423159412cc8a0de871dca60c480289721,0,0,0,train,test,1
cluster_0184,perceptual_near_duplicate,RWF-2000,train/NonFight/rwf_train_nonfight_0217.avi,5211f919663c59d51834357d6cb41d0fc8ae4626b3385dcdc31294fbf72c8c84,0,0,0,train,validation,1
cluster_0019,perceptual_near_duplicate,RWF-2000,train/NonFight/rwf_train_nonfight_0229.avi,d0e448315e29173fe011c36ba3e9ec15649cba5e07669910e2322851981c0f90,0,0,0,validation,train,1
cluster_0019,perceptual_near_duplicate,RWF-2000,train/NonFight/rwf_train_nonfight_0231.avi,8902d9d7dbcdaee0ee1c9761f4a205e3fe1b9558a9b8b7a6dfb91e6173f2f584,0,0,0,test,train,1
cluster_0038,perceptual_near_duplicate,RWF-2000,train/NonFight/rwf_train_nonfight_0249.avi,17c733ecf2eee4e80e37072efe23737f3e12f277132fca6da69f0d3f29da5637,0,0,0,validation,train,1
cluster_0065,perceptual_near_duplicate,RWF-2000,train/NonFight/rwf_train_nonfight_0274.avi,53da45120da81acf85e333c6536b1e368e23e79ab2cba5c25ce33bd8af4065cc,0,0,0,train,validation,1
cluster_0001,perceptual_near_duplicate,RWF-2000,train/NonFight/rwf_train_nonfight_0296.avi,634b519f71455dfcb9a0d03682b1cf814ed82231d315af27a850dd8380d29117,0,0,0,validation,train,1
cluster_0095,perceptual_near_duplicate,RWF-2000,train/NonFight/rwf_train_nonfight_0342.avi,75c97eca7042c9c82abbd9f338b21cc3a6a8898d0c38f913ac08727bc7a5a018,0,0,0,validation,train,1
cluster_0185,perceptual_near_duplicate,RWF-2000,train/NonFight/rwf_train_nonfight_0343.avi,e6a63989f2830edafc982dc8cff8a15a74bda1f61173d77d57c59591226e1435,0,0,0,train,validation,1
cluster_0057,perceptual_near_duplicate,RWF-2000,train/NonFight/rwf_train_nonfight_0358.avi,29008d9dda79545c91e38cf1250db01eddf640da138cfbaaa6ddf1adf71f4e42,0,0,0,test,train,1
cluster_0008,perceptual_near_duplicate,RWF-2000,train/NonFight/rwf_train_nonfight_0394.avi,e0aa8f2922f019e2e80a56a625dc298463da4b23a57be0f3cd9240112071afdc,0,0,0,validation,train,1
cluster_0008,perceptual_near_duplicate,RWF-2000,train/NonFight/rwf_train_nonfight_0395.avi,d3930e937a93fee8f2a232b9880f8cc55611e1cf3d82949bd2680ebea034b1d7,0,0,0,validation,train,1
cluster_0058,perceptual_near_duplicate,RWF-2000,train/NonFight/rwf_train_nonfight_0406.avi,747d409aceb7d2d9b17c8bcbcff8933c4168fd0fbfba06920b8ac93d4a02ce8d,0,0,0,validation,test,1
cluster_0058,perceptual_near_duplicate,RWF-2000,train/NonFight/rwf_train_nonfight_0409.avi,561a5171851f0f540e997f7b524392cf83e06b196b5461c09f374db8d830a86d,0,0,0,train,test,1
cluster_0081,perceptual_near_duplicate,RWF-2000,train/NonFight/rwf_train_nonfight_0420.avi,05a59c83eb4444b27ff72b337bace0696c9b4af0d208c9f265f4f46ab665c399,0,0,0,test,train,1
cluster_0128,perceptual_near_duplicate,RWF-2000,train/NonFight/rwf_train_nonfight_0426.avi,69a0326b00c7a6e7522abfacd68bfae8aa71f0a799ed549f8551801d9d11b3b8,0,0,0,train,test,1
cluster_0097,perceptual_near_duplicate,RWF-2000,train/NonFight/rwf_train_nonfight_0431.avi,82755e43f8e48adcde56c7512eec6235e882b85e7dd5d0b40934fab8ffb544a8,0,0,0,validation,train,1
cluster_0130,perceptual_near_duplicate,RWF-2000,train/NonFight/rwf_train_nonfight_0449.avi,ff194ca1f55ec739bb51cfa73e6fa9425bce500e5cf3f7b42a0b0a02753a02ab,0,0,0,train,test,1
cluster_0059,perceptual_near_duplicate,RWF-2000,train/NonFight/rwf_train_nonfight_0453.avi,048cf700244e3a8bfa0e72e6752b661c8191bb4e9f09c47ba0ac03a72dbfe861,0,0,0,test,train,1
cluster_0059,perceptual_near_duplicate,RWF-2000,train/NonFight/rwf_train_nonfight_0454.avi,26db7d30d4cf3640227a0fccc962ba5f96fe3e36e1b34d49b2ed12f6ec4d519b,0,0,0,validation,train,1
cluster_0186,perceptual_near_duplicate,RWF-2000,train/NonFight/rwf_train_nonfight_0462.avi,cf3482a526853feb03490b45039eef1abc4bb3c5f9b4f58736deceb73bac0bf6,0,0,0,validation,train,1
cluster_0029,perceptual_near_duplicate,RWF-2000,train/NonFight/rwf_train_nonfight_0467.avi,37f135087634775c21ad968186a442f06d878e03ddf4e3a0e1392777d6cad028,0,0,0,test,train,1
cluster_0187,perceptual_near_duplicate,RWF-2000,train/NonFight/rwf_train_nonfight_0501.avi,deffe7d514c940feb57d25908c9a72fcbd7b7194c19005f2321abe8ae8de5ae5,0,0,0,train,validation,1
cluster_0142,perceptual_near_duplicate,RWF-2000,train/NonFight/rwf_train_nonfight_0522.avi,9c6e45738cff881a61248585b5634900962220f886b0c15a9524e26788854a71,0,0,0,test,train,1
cluster_0039,perceptual_near_duplicate,RWF-2000,train/NonFight/rwf_train_nonfight_0533.avi,7f95e053902572398f8704b29d90b3ef64fc4ad200b572eac6281cfc8d4b8607,0,0,0,validation,train,1
cluster_0052,perceptual_near_duplicate,RWF-2000,train/NonFight/rwf_train_nonfight_0548.avi,0aa2a0d2b946cd6458666565022743d66d2e69d47121ae8b98a24394bdacf664,0,0,0,train,test,1
cluster_0052,perceptual_near_duplicate,RWF-2000,train/NonFight/rwf_train_nonfight_0550.avi,d73567224039fdef95b1b6ce42d66f97f8c9942941ea24fde4d5be798186b3d9,0,0,0,train,test,1
cluster_0141,perceptual_near_duplicate,RWF-2000,train/NonFight/rwf_train_nonfight_0553.avi,73c637af0526720dada253ccc6a278a21f8bd7fe3306eeb2e152264a4cda76aa,0,0,0,train,test,1
cluster_0077,perceptual_near_duplicate,RWF-2000,train/NonFight/rwf_train_nonfight_0564.avi,58d2a07fb8beb4d07a6b353feb639d3ab5e74d6e32f1e3967d7e4669c96b8e45,0,0,0,train,validation,1
cluster_0060,perceptual_near_duplicate,RWF-2000,train/NonFight/rwf_train_nonfight_0565.avi,f1bd79a382143677e6f445f57dd658fe1f28455d5c509cc954ce2f6fdecd44f7,0,0,0,test,train,1
cluster_0082,perceptual_near_duplicate,RWF-2000,train/NonFight/rwf_train_nonfight_0587.avi,b375e584c4421f9fea7bcb63aff2573e57331dfe65d888dd8ab21d314d93434e,0,0,0,test,validation,1
cluster_0022,perceptual_near_duplicate,RWF-2000,train/NonFight/rwf_train_nonfight_0590.avi,71da352a4b6bed3d2b9f30ffb209916562b60d5dc38f7e664ea279cdde32042e,0,0,0,validation,train,1
cluster_0023,perceptual_near_duplicate,RWF-2000,train/NonFight/rwf_train_nonfight_0608.avi,a0e22f1d64c2907bb773177d463c16844425a31b5edff800595bf46d2399bd0d,0,0,0,validation,train,1
cluster_0143,perceptual_near_duplicate,RWF-2000,train/NonFight/rwf_train_nonfight_0613.avi,95eb0a11c58fcb8f2d9cc45056db7739548ffde4112e1af479683981541f2a54,0,0,0,train,test,1
cluster_0061,perceptual_near_duplicate,RWF-2000,train/NonFight/rwf_train_nonfight_0622.avi,fc92a8e4b2cf7741298beaffd72c1a9e88b2e09bd7095c82f77b0e56358ac979,0,0,0,test,train,1
cluster_0083,perceptual_near_duplicate,RWF-2000,train/NonFight/rwf_train_nonfight_0649.avi,d294d27c19bbf97151a7c8fffea92aa1922fa34b62f4f6bd9f42c2d318a50f26,0,0,0,train,validation,1
cluster_0083,perceptual_near_duplicate,RWF-2000,train/NonFight/rwf_train_nonfight_0651.avi,8163a2b99bf1c28ece6e0df623aceaa8ca47375ac485462fe50c72c1becdb53a,0,0,0,test,validation,1
cluster_0012,perceptual_near_duplicate,RWF-2000,train/NonFight/rwf_train_nonfight_0721.avi,e06ff3a7b5a153016a61410d489f827bb95a3c5fadb7aefc02e50a7c3ecc11d3,0,0,0,train,validation,1
cluster_0145,perceptual_near_duplicate,RWF-2000,train/NonFight/rwf_train_nonfight_0727.avi,72d9d7e5be3c60db5b4222ad17cc57f00dbc29d22d7b00744f2639ced23b680e,0,0,0,test,validation,1
cluster_0084,perceptual_near_duplicate,RWF-2000,val/Fight/rwf_val_fight_0001.avi,2675c60505d92ebced2c2b7cc2d3c13810a797168901f05ac12a19a9e0c7aa53,1,1,0,test,train,1
cluster_0085,perceptual_near_duplicate,RWF-2000,val/Fight/rwf_val_fight_0009.avi,2e10629eb5dd190a81b3b93ff0dfe35dc8c16eeb8e88a6654a1ddec5d92f4728,1,1,0,test,train,1
cluster_0146,perceptual_near_duplicate,RWF-2000,val/Fight/rwf_val_fight_0028.avi,5e7c04b3fd54648320258385b37f126944fc98d110fdd44cd59ba9c8448613d8,1,1,0,train,test,1
cluster_0188,perceptual_near_duplicate,RWF-2000,val/Fight/rwf_val_fight_0029.avi,04771d703b86a34242255de5b9ff8d246cf5cfaa2ef937cc81d1559fd2cae67e,1,1,0,train,validation,1
cluster_0042,perceptual_near_duplicate,RWF-2000,val/Fight/rwf_val_fight_0030.avi,44d0e15d2193ac452a1f7f476d61db61a799647f63615c1eb6181fe0fc79b861,1,1,0,validation,train,1
cluster_0086,perceptual_near_duplicate,RWF-2000,val/Fight/rwf_val_fight_0036.avi,b491cbb681e065ef53288f9a51398e11d7aecfe61999c861938bd91d838a7d90,1,1,0,test,train,1
cluster_0102,perceptual_near_duplicate,RWF-2000,val/Fight/rwf_val_fight_0042.avi,45d12fe47fc75cd30e471df89dfa3ccd84e2ccfff2c10047217067ab4fb69392,0,1,1,train,validation,1
cluster_0087,perceptual_near_duplicate,RWF-2000,val/Fight/rwf_val_fight_0045.avi,0237f25a1f0b072e46e8b06fb8a4739dc9892986b143d070daed77b8c74ab54a,1,1,0,test,train,1
cluster_0062,perceptual_near_duplicate,RWF-2000,val/Fight/rwf_val_fight_0064.avi,5ce640af8d5939302ede9da0b75cd5c67e60df55d97aaa8e5eb59457e5864321,1,1,0,validation,test,1
cluster_0062,perceptual_near_duplicate,RWF-2000,val/Fight/rwf_val_fight_0068.avi,ad7c8c20bc940f14746b3b91b69a78f24d91881fd86d36e6122ceec04c9cf2f4,1,1,0,train,test,1
cluster_0189,perceptual_near_duplicate,RWF-2000,val/Fight/rwf_val_fight_0070.avi,d0a272935005a8e36cb1ca9b0429426cffa53f66c100e3c092f74d2ea6d456bc,1,1,0,train,validation,1
cluster_0034,perceptual_near_duplicate,RWF-2000,val/Fight/rwf_val_fight_0074.avi,e7985cafe708e53c8faffb17300b7b09a2cbbdf1eee1110e80a88ff9fc478cef,1,1,0,test,train,1
cluster_0034,perceptual_near_duplicate,RWF-2000,val/Fight/rwf_val_fight_0077.avi,330d92b037909c5ee09999f99bbd88ea9d3f3047d1f78babc1fc44bb4b6bf155,1,1,0,test,train,1
cluster_0147,perceptual_near_duplicate,RWF-2000,val/Fight/rwf_val_fight_0081.avi,898e74ef4b465a939a76ed399c539076be646d60a98816a2e449b2a4b70260a9,1,1,0,train,test,1
cluster_0020,perceptual_near_duplicate,RWF-2000,val/Fight/rwf_val_fight_0083.avi,0537ef9d17544d442644b2d840fe2999f5c8523cf5f648a7f4d796157f24092b,1,1,0,test,train,1
cluster_0007,perceptual_near_duplicate,RWF-2000,val/Fight/rwf_val_fight_0087.avi,4966e3a8b1f8580b93a4783fd982d239051b21567b47463e1485c2f3e141f69a,1,1,0,test,train,1
cluster_0007,perceptual_near_duplicate,RWF-2000,val/Fight/rwf_val_fight_0088.avi,5c7517bc697da99e9f366716901c1b2ab46de2fb7c0cae324d0e735c5224eb5e,1,1,0,test,train,1
cluster_0035,perceptual_near_duplicate,RWF-2000,val/Fight/rwf_val_fight_0109.avi,a4064a1b9862635d7be7213a674d7bf4fbcb53205e2da4af00e75cc76bf6a323,1,1,0,train,test,1
cluster_0035,perceptual_near_duplicate,RWF-2000,val/Fight/rwf_val_fight_0110.avi,06c860dcfc461f74e9d48add2ab53947d500dc1cb1bce99b292478d8a4a959ae,1,1,0,train,test,1
cluster_0148,perceptual_near_duplicate,RWF-2000,val/Fight/rwf_val_fight_0147.avi,e78692a8d11ec8d845e64a49d7129433f814eeed990497994ff60fe9f3fb5f5f,1,1,0,train,test,1
cluster_0088,perceptual_near_duplicate,RWF-2000,val/Fight/rwf_val_fight_0157.avi,d9155a4c482aeafa2936f45332078ded46715c86e4a678208c1f1554965a0e6e,1,1,0,test,train,1
cluster_0036,perceptual_near_duplicate,RWF-2000,val/Fight/rwf_val_fight_0162.avi,bf1f23192966cc8161e38223611953dac3defdb091b73a929077fd125543bbdc,1,1,0,validation,test,1
cluster_0036,perceptual_near_duplicate,RWF-2000,val/Fight/rwf_val_fight_0163.avi,bf04c8e9898cb4fee4c636621ee191de7212c8d229a87933ce4c82608b972e6c,1,1,0,validation,test,1
cluster_0036,perceptual_near_duplicate,RWF-2000,val/Fight/rwf_val_fight_0164.avi,33f219cff53feb6a9a92bb75134816d7dbb3124df11f6a98a987cde3f37f6bca,1,1,0,train,test,1
cluster_0149,perceptual_near_duplicate,RWF-2000,val/Fight/rwf_val_fight_0169.avi,dcae560faef2143271bc80c308cab117c5dda30d6107612295995f6139df97e2,1,1,0,train,test,1
cluster_0190,perceptual_near_duplicate,RWF-2000,val/Fight/rwf_val_fight_0177.avi,8948104c620c36e25a73f3f7008bbb6547eecbb5fd01e431858c03bc917f8580,1,1,0,train,validation,1
cluster_0063,perceptual_near_duplicate,RWF-2000,val/Fight/rwf_val_fight_0182.avi,f15e57555c397aeb324dd5c55d2beb1bfe965312dce3a51acc77ee5354b4d592,1,1,0,test,validation,1
cluster_0063,perceptual_near_duplicate,RWF-2000,val/Fight/rwf_val_fight_0184.avi,a54acd891d021475d17e3afde3e754f5d8a24c095305d1e8263eb62c547cfaa4,1,1,0,train,validation,1
cluster_0024,perceptual_near_duplicate,RWF-2000,val/Fight/rwf_val_fight_0189.avi,70cc8acce051dd5f21e074a590088b0f905c0022d959dc297befbcf9b78510d2,1,1,0,validation,train,1
cluster_0089,perceptual_near_duplicate,RWF-2000,val/Fight/rwf_val_fight_0194.avi,9bd595c4e85de8388934b026c2f788060786329f8b7bd48be206470f486c0e0f,1,1,0,test,train,1
cluster_0103,perceptual_near_duplicate,RWF-2000,val/NonFight/rwf_val_nonfight_0011.avi,e70762191fdb4c7ed22211497f8daee42c2b1875d5d5f72d963f82759f6a6cc3,0,0,0,train,validation,1
cluster_0150,perceptual_near_duplicate,RWF-2000,val/NonFight/rwf_val_nonfight_0039.avi,b3fa7d4fb06005297d2a0d74284f017655eabaf5a3bfde56bb7b7e99b9c6f31a,0,0,0,test,train,1
cluster_0020,perceptual_near_duplicate,RWF-2000,val/NonFight/rwf_val_nonfight_0079.avi,3aaa3259768f9d011803303d03d9d76f73803c8d2033f84230c110956d227aff,0,0,0,validation,train,1
cluster_0082,perceptual_near_duplicate,RWF-2000,val/NonFight/rwf_val_nonfight_0091.avi,0b317febac373ab2150d9bc48435635ba45211b6acc490c20d627c33762a3e0a,0,0,0,train,validation,1
cluster_0007,perceptual_near_duplicate,RWF-2000,val/NonFight/rwf_val_nonfight_0094.avi,81a473c0b0d9593e99302d50015b4c87cd3e13994fd0a78a35417dca0c6dfd15,0,0,0,validation,train,1
cluster_0035,perceptual_near_duplicate,RWF-2000,val/NonFight/rwf_val_nonfight_0108.avi,563f6b1c05a28c37c7475e799509594bda97c5f557d98960ea96eca063f0485e,0,0,0,validation,test,1
cluster_0151,perceptual_near_duplicate,RWF-2000,val/NonFight/rwf_val_nonfight_0122.avi,eaa7bc62497cc094f32228de9f9a8848af2d33cdf7e2f7af0ec2484513b6fb4a,0,0,0,train,test,1
cluster_0152,perceptual_near_duplicate,RWF-2000,val/NonFight/rwf_val_nonfight_0183.avi,821ea13878322390d976b63e3cccfb50a7234cd2715657604b6da85c2acfa698,0,0,0,train,test,1
cluster_0024,perceptual_near_duplicate,RWF-2000,val/NonFight/rwf_val_nonfight_0184.avi,e46c7b38861bf49d3e3eb34d861497ce3a980938c76d3e6d4c39855a42ab08d3,0,0,0,validation,train,1
cluster_0191,perceptual_near_duplicate,RWF-2000,val/NonFight/rwf_val_nonfight_0194.avi,cc5d1ba5e876fa442489bc6b854d6a7ceae94e83b12017558b500c684f08d83c,0,0,0,train,validation,1
