split,split_index,dataset,category,label,label_name,relative_path,size_bytes,sha256,video_id,source_url,license,historical_evidence
train,0,historical_enrichment_v1,basketball,0,non_violence,test_sport/basketball_01_WwMLOcTVUmc.mp4,387799,c723066ebfa1da8c7897093c659b5bd89be2ba84fea3e4c06876767646b27ef1,WwMLOcTVUmc,https://www.youtube.com/watch?v=WwMLOcTVUmc,Creative Commons Attribution license (reuse allowed),SIRCH_CONTEXT_CODEX_V2_CLAUDECODE.md and test_faux_positifs_seuils.txt
train,1,historical_enrichment_v1,basketball,0,non_violence,test_sport/basketball_02_Czaz0AiIfkQ.mp4,412086,0a8a36b4725312e261deec4a7714ef1490602c02a714c03c267a1ca11ea6ff70,Czaz0AiIfkQ,https://www.youtube.com/watch?v=Czaz0AiIfkQ,Creative Commons Attribution license (reuse allowed),SIRCH_CONTEXT_CODEX_V2_CLAUDECODE.md and test_faux_positifs_seuils.txt
train,2,historical_enrichment_v1,basketball,0,non_violence,test_sport/basketball_03_TWLLv2ikavc.mp4,608928,639af7636170dfd34620f1b1c64020f6f29c27af61c12480f055ad1c7b958718,TWLLv2ikavc,https://www.youtube.com/watch?v=TWLLv2ikavc,Creative Commons Attribution license (reuse allowed),SIRCH_CONTEXT_CODEX_V2_CLAUDECODE.md and test_faux_positifs_seuils.txt
train,3,historical_enrichment_v1,basketball,0,non_violence,test_sport/basketball_04_N8ir6EaDceI.mp4,701626,92f7d4d06b1d7d2bbb24f0d7920884276ba386c25e4e8f80edb875dabfe5c204,N8ir6EaDceI,https://www.youtube.com/watch?v=N8ir6EaDceI,Creative Commons Attribution license (reuse allowed),SIRCH_CONTEXT_CODEX_V2_CLAUDECODE.md and test_faux_positifs_seuils.txt
train,4,historical_enrichment_v1,basketball,0,non_violence,test_sport/basketball_05_wtpobZDZv3A.mp4,974069,01973eff78e2daca646d5e336c3b98b50ef304d390a6dba5d25fe70d0c677467,wtpobZDZv3A,https://www.youtube.com/watch?v=wtpobZDZv3A,Creative Commons Attribution license (reuse allowed),SIRCH_CONTEXT_CODEX_V2_CLAUDECODE.md and test_faux_positifs_seuils.txt
train,5,historical_enrichment_v1,boxe,0,non_violence,test_sport/boxe_01_DBeTvfwjAug.mp4,345427,02a8ea37ffcfd1ce8b52efb636adfd1cb54e5dc0703b207cf2c5ef397945221b,DBeTvfwjAug,https://www.youtube.com/watch?v=DBeTvfwjAug,Creative Commons Attribution license (reuse allowed),SIRCH_CONTEXT_CODEX_V2_CLAUDECODE.md and test_faux_positifs_seuils.txt
train,6,historical_enrichment_v1,boxe,0,non_violence,test_sport/boxe_02_ewfo7pWZ3DU.mp4,697550,1cdaaf9f27b129ff8e433891a91c0819bdd08bddcb29ddf2a7e4dc9096718f4c,ewfo7pWZ3DU,https://www.youtube.com/watch?v=ewfo7pWZ3DU,Creative Commons Attribution license (reuse allowed),SIRCH_CONTEXT_CODEX_V2_CLAUDECODE.md and test_faux_positifs_seuils.txt
train,7,historical_enrichment_v1,boxe,0,non_violence,test_sport/boxe_03_CycVhzGQazQ.mp4,869118,8efc38d9963df135a8c1f10ede8a5d0194ede0c7ee3b6b2356a8c5837ac16270,CycVhzGQazQ,https://www.youtube.com/watch?v=CycVhzGQazQ,Creative Commons Attribution license (reuse allowed),SIRCH_CONTEXT_CODEX_V2_CLAUDECODE.md and test_faux_positifs_seuils.txt
train,8,historical_enrichment_v1,boxe,0,non_violence,test_sport/boxe_04_UsCSozlLlhs.mp4,1726227,191768c9c0b75cdfbc50baec2bd581aea07f28455e5f3d8e1230811f857a16da,UsCSozlLlhs,https://www.youtube.com/watch?v=UsCSozlLlhs,Creative Commons Attribution license (reuse allowed),SIRCH_CONTEXT_CODEX_V2_CLAUDECODE.md and test_faux_positifs_seuils.txt
train,9,historical_enrichment_v1,boxe,0,non_violence,test_sport/boxe_05_37dgPBSUosE.mp4,1282665,ff9f37d590b895f97cfb7d363600ab648b37841b5d0f3e89f1d8c87cebe62f4a,37dgPBSUosE,https://www.youtube.com/watch?v=37dgPBSUosE,Creative Commons Attribution license (reuse allowed),SIRCH_CONTEXT_CODEX_V2_CLAUDECODE.md and test_faux_positifs_seuils.txt
train,10,historical_enrichment_v1,football,0,non_violence,test_sport/football_01_eMr6OOmLlJs.mp4,621068,e44c9c83a7ab784012ec5ef2aa87cf3fadbf9ce2cdff1130cf00c32204fc286e,eMr6OOmLlJs,https://www.youtube.com/watch?v=eMr6OOmLlJs,Creative Commons Attribution license (reuse allowed),SIRCH_CONTEXT_CODEX_V2_CLAUDECODE.md and test_faux_positifs_seuils.txt
train,11,historical_enrichment_v1,football,0,non_violence,test_sport/football_02_O1x9Nrp5TTU.mp4,687523,f3de46bea3f48dedffb155934595075b3650d24fdd52c7dc216401e2ceda1236,O1x9Nrp5TTU,https://www.youtube.com/watch?v=O1x9Nrp5TTU,Creative Commons Attribution license (reuse allowed),SIRCH_CONTEXT_CODEX_V2_CLAUDECODE.md and test_faux_positifs_seuils.txt
train,12,historical_enrichment_v1,football,0,non_violence,test_sport/football_03_wnVJcY_ECH4.mp4,614971,2e4492780671f9fb6215562566cb366027bd2509b1b4f3cd9e47fae93013787f,wnVJcY_ECH4,https://www.youtube.com/watch?v=wnVJcY_ECH4,Creative Commons Attribution license (reuse allowed),SIRCH_CONTEXT_CODEX_V2_CLAUDECODE.md and test_faux_positifs_seuils.txt
train,13,historical_enrichment_v1,football,0,non_violence,test_sport/football_04_7I2Ge845PXg.mp4,722074,5e3a7a6c12a4cbbe2ce5f71580d823bed996c6734020ddf84247a2519ab45ba8,7I2Ge845PXg,https://www.youtube.com/watch?v=7I2Ge845PXg,Creative Commons Attribution license (reuse allowed),SIRCH_CONTEXT_CODEX_V2_CLAUDECODE.md and test_faux_positifs_seuils.txt
train,14,historical_enrichment_v1,football,0,non_violence,test_sport/football_05_qh7UrU9wVMo.mp4,443709,c3f1d6fb12d7f23b7f9afc8ac9285a09c4e19b03738c7a68839a03074c5e7ffd,qh7UrU9wVMo,https://www.youtube.com/watch?v=qh7UrU9wVMo,Creative Commons Attribution license (reuse allowed),SIRCH_CONTEXT_CODEX_V2_CLAUDECODE.md and test_faux_positifs_seuils.txt
train,15,historical_enrichment_v1,contemporaine,0,non_violence,test_danse/contemporaine_01_CoPUfvwcHmE.mp4,5798967,8ea57f0d52bd2c5a3fc99e4febb0502b3aed9d7f321cae3458efca59bf0c9ddd,CoPUfvwcHmE,https://www.youtube.com/watch?v=CoPUfvwcHmE,Creative Commons Attribution license (reuse allowed),SIRCH_CONTEXT_CODEX_V2_CLAUDECODE.md and test_faux_positifs_seuils.txt
train,16,historical_enrichment_v1,contemporaine,0,non_violence,test_danse/contemporaine_02_bHAgWyVXytg.mp4,3302216,896fc58d3df495c1f05fbb84e8c54bf03dd6c1504a14202a485a58550f7cec1b,bHAgWyVXytg,https://www.youtube.com/watch?v=bHAgWyVXytg,Creative Commons Attribution license (reuse allowed),SIRCH_CONTEXT_CODEX_V2_CLAUDECODE.md and test_faux_positifs_seuils.txt
train,17,historical_enrichment_v1,contemporaine,0,non_violence,test_danse/contemporaine_03_LN9Y1JnGCUU.mp4,1816585,047ea89e456c21339d72d1e5c4178b3a5ddc2411c784764a30ff1acc10a63e21,LN9Y1JnGCUU,https://www.youtube.com/watch?v=LN9Y1JnGCUU,Creative Commons Attribution license (reuse allowed),SIRCH_CONTEXT_CODEX_V2_CLAUDECODE.md and test_faux_positifs_seuils.txt
train,18,historical_enrichment_v1,contemporaine,0,non_violence,test_danse/contemporaine_04_ZN8iSru6_7k.mp4,3083461,2054c206190138bb816f6b555abba0a95e0331085f8e501d3a7032f0be953939,ZN8iSru6_7k,https://www.youtube.com/watch?v=ZN8iSru6_7k,Creative Commons Attribution license (reuse allowed),SIRCH_CONTEXT_CODEX_V2_CLAUDECODE.md and test_faux_positifs_seuils.txt
train,19,historical_enrichment_v1,contemporaine,0,non_violence,test_danse/contemporaine_05_FHTD9GHVhx8.mp4,1890150,de5d3f46f1ad65f76f874d8e677be28bcc5c9118807938a3ee985c27f3ce6efe,FHTD9GHVhx8,https://www.youtube.com/watch?v=FHTD9GHVhx8,Creative Commons Attribution license (reuse allowed),SIRCH_CONTEXT_CODEX_V2_CLAUDECODE.md and test_faux_positifs_seuils.txt
train,20,historical_enrichment_v1,hiphop,0,non_violence,test_danse/hiphop_01_gqE3cXWHQRo.mp4,1897587,4bb7457ceb5ea5ff9be607f2d51a7eb578f9374965be1a95bc28db93b36ba22b,gqE3cXWHQRo,https://www.youtube.com/watch?v=gqE3cXWHQRo,Creative Commons Attribution license (reuse allowed),SIRCH_CONTEXT_CODEX_V2_CLAUDECODE.md and test_faux_positifs_seuils.txt
train,21,historical_enrichment_v1,hiphop,0,non_violence,test_danse/hiphop_02_FYzyvVwYvWk.mp4,863895,829cec1b6bbfc476b751d655bbf53f238814ec6611373182cc30d4c4e26857cd,FYzyvVwYvWk,https://www.youtube.com/watch?v=FYzyvVwYvWk,Creative Commons Attribution license (reuse allowed),SIRCH_CONTEXT_CODEX_V2_CLAUDECODE.md and test_faux_positifs_seuils.txt
train,22,historical_enrichment_v1,hiphop,0,non_violence,test_danse/hiphop_03_4JltE1OcI8U.mp4,6653541,70fbc2b4248a9f824cb3a9f1160fb32a8ecf1d6afbeb123f55e7eb36bbd61f6c,4JltE1OcI8U,https://www.youtube.com/watch?v=4JltE1OcI8U,Creative Commons Attribution license (reuse allowed),SIRCH_CONTEXT_CODEX_V2_CLAUDECODE.md and test_faux_positifs_seuils.txt
train,23,historical_enrichment_v1,hiphop,0,non_violence,test_danse/hiphop_04_Gf6YmTG-s3k.mp4,1871281,edc55438f0ccdf81460f852649593aa8d24119194a183522041a95ca5f8a0bad,Gf6YmTG-s3k,https://www.youtube.com/watch?v=Gf6YmTG-s3k,Creative Commons Attribution license (reuse allowed),SIRCH_CONTEXT_CODEX_V2_CLAUDECODE.md and test_faux_positifs_seuils.txt
train,24,historical_enrichment_v1,hiphop,0,non_violence,test_danse/hiphop_05_T-1uuAbQNRc.mp4,393099,1099a785da0a94a6826f711439f2bd328523d672ebaafe073ad27fde0b847c9a,T-1uuAbQNRc,https://www.youtube.com/watch?v=T-1uuAbQNRc,Creative Commons Attribution license (reuse allowed),SIRCH_CONTEXT_CODEX_V2_CLAUDECODE.md and test_faux_positifs_seuils.txt
