split,manifest_row_id,source_group,dataset,label,relative_path,video_sha256,source_id,width,height,fps,frame_count,duration_seconds,sample_frame_indices,phash_crop_0,phash_crop_10,phash_crop_20,decode_status
hard_negative,hard_negative|hard_negative_v2|test_sport_v2/basketball_v2_06_8kqd4q1mIR4.mp4,hard_negative_v2,hard_negative_v2,0,test_sport_v2/basketball_v2_06_8kqd4q1mIR4.mp4,f351208ee5f55da9613a15e1a289d9860c325ef3543d316f9dea418b42510804,8kqd4q1mIR4,640,360,24.000000,236,9.833333,12;38;65;91;117;144;170;197;223,0dc9e26a3a9d0e72;4dc9ea623a9d0c72;0dcce2723abd0c56;0cee66623ab90c76;09cbc2723abd0d74;09cbe2723a9d0c76;0dc9e2723a9d0c76;25e3e2d9199c0c76;0dc9e2f23ab90c72,09cbe2703b881c7f;09cbe2707b881c6f;09cbe67052ab0c6f;4fcee46472980c3e;4bcbc4f1738a08ea;4bcbe47073880c6f;0bcbe67033881c7b;2be2e6f119880c6f;0bcbe4f0728a0c3f,4bc1e47571cc4e2a;49c1e4757198ce27;0ac3e57d71b8cc24;4acae46575994c2d;5acae4617191f98c;4bcae57171985c2c;4bcbe461719c5d24;42e6e471d199dc07;4bcae4617199dc0d,complete
hard_negative,hard_negative|hard_negative_v2|test_sport_v2/basketball_v2_07_WMG94RSTLxo.mp4,hard_negative_v2,hard_negative_v2,0,test_sport_v2/basketball_v2_07_WMG94RSTLxo.mp4,cfd285b36f7c1a217ac7d947264f45ae36ec4639c5975420616b3094abfb52fc,WMG94RSTLxo,640,360,30.000000,705,23.500000,35;114;194;273;352;431;510;590;669,633c7c039d6bb10c;63387c079d6bb10c;63397d439c6ba10c;63387c479c6ba50c;673878479c6aa38c;633c5c639c6ab11c;633c7e039d6bb108;633c5c639c6bb114;613c7c639c6a6195,603c7d819e60b86f;603c7583de609e47;623c7d809f62b847;603c7d009f62b86f;623c7d039e61b82e;603c7da18e62b86b;603c75a18e70bc67;603c7f208e63b86e;723c7c638e42b8b8,700e698340bebb2f;731e618240bfbd29;731c608c41bfbeb0;711c638e40f7b495;611c7b8640f1be96;700e799b40f497b8;700f788740b4bf2e;708f618f44d097bc;709e69a941609ff1,complete
hard_negative,hard_negative|hard_negative_v2|test_sport_v2/basketball_v2_08_0CReVRH-3D4.mp4,hard_negative_v2,hard_negative_v2,0,test_sport_v2/basketball_v2_08_0CReVRH-3D4.mp4,dca52019781f6798471eb8b1c9d4626da65a95ce60de1729c99d89f8af3b85b8,0CReVRH-3D4,640,360,30.000000,900,30.000000,45;146;247;348;449;551;652;753;854,15dbdaa19216b64a;1bc1ccbc7c8c63c4;3698cea33667f300;1b80a6a7f05b7d21;178ab092e8fc6a63;178ab092e87d6a69;178eb0b2686d6a65;178eb0b2686d6a65;178eb0b0686d6b65,21d1c6ba92b29793;11c1c53f1e3ee8d0;349dcc991c633267;1a9ca7a4b4d53938;028fb595a99d54a3;068fb495ad9c5623;0786b495ad9c5663;078ab494bd9c5a63;078ab094bddc6a63,29c944dd5d6e5470;11f0e0870f0ffcf0;2d85dc9cc99c8371;149ee1a5e78183ea;0542b4b4ba9cb5ad;0543b4b4ba9cb5a5;0543b6b4b89cb4ad;044bb6b4a89db4ad;024bb4b4a99db4ad,complete
hard_negative,hard_negative|hard_negative_v2|test_sport_v2/basketball_v2_09_ppy0BSfeF3Q.mp4,hard_negative_v2,hard_negative_v2,0,test_sport_v2/basketball_v2_09_ppy0BSfeF3Q.mp4,41630f6009a5d2768ba60073b5132e5fcc373bacea8e796f8069590eeed2439b,ppy0BSfeF3Q,640,360,29.970030,334,11.144467,17;54;92;129;166;204;241;279;316,1495a8cb732f2c9c;1485abcb732e2c9c;1482abcbdb3d2c86;12a2a9f15d2c8e9e;02a2a5d57d0f83ce;01a7e4dc7c0999cb;14b6e3412e8e9cec;10b8b65e27858ee6;1faab0783092afb1,058db9d2f2622e8d;158db9d2f262268d;15a5b1f2d2392d25;15b5eaf27a2a2505;06a2ecfd7d3810c6;03a3e4e47c3c38d3;16b0f371630726ce;10b8b7773199b0e1;4082b57f334cbdb0,0f8b8bd4f0743427;0f8b89d0f4747427;23abaef4d0d07131;21a9a8f2ded236a1;34a4e1e35b3b38b0;13b3e0e04c0c1fbf;06aefcf858304a97;14ac87676317e0d9;44a0cd3b354fb0e6,complete
hard_negative,hard_negative|hard_negative_v2|test_sport_v2/basketball_v2_10_UbQoV8SDcOk.mp4,hard_negative_v2,hard_negative_v2,0,test_sport_v2/basketball_v2_10_UbQoV8SDcOk.mp4,330dccce02b5fceeff573d446a07de2b7e2ef1b0b78e5c96c53cac7e265d9c73,UbQoV8SDcOk,640,360,25.000000,439,17.560000,22;71;120;170;219;268;318;367;416,52c9a5b11ee7341a;5cc981953ec62e3c;59c9958127f63e28;59c984952fe6362a;4ac985856ee5372a;43c9bc8172bea632;5ac9858136f52f2a;4b94a18136f52f2e;79cc85917634267a,57dca8b956e00c33;5fde88a952c02da9;5bde9989aaa105aa;5fdea88902e02fa9;5fdea98952a12728;53de8de0528d3e30;57dea98956e90622;5ad5e98815f12d2a;78c7a98954a96fa0,53c4f899d7e80a98;5147f819f7c60899;5345a81bf7885b89;5147bc19d7a61989;4247b919dfb94889;500789fedf881a99;57479811ffda0099;55a7d80d97ba08d4;1cc78bdd9d124899,complete
hard_negative,hard_negative|hard_negative_v2|test_sport_v2/boxe_v2_01_8BPs176rYWw.mp4,hard_negative_v2,hard_negative_v2,0,test_sport_v2/boxe_v2_01_8BPs176rYWw.mp4,77121d3f356eee336664e2e1ae97388c176a66fc10385bde9ae584857ef2c061,8BPs176rYWw,640,338,30.000000,1685,56.166667,84;274;463;653;842;1031;1221;1410;1600,40e727c1d8c7c738;439c2eb1c7c13c87;475c6c87d908ce33;134c6c93d6cc2877;1c73698cc699ba64;08676799ccc62f31;431c3cc3f9ce2631;471878c7e9cc3433;471c31c7cccc3366,482727d83cc1633f;410e3c39e3dc1ee1;435c6e8358cece31;134c6d93c3dc7429;0c73798466993765;1c676798c0c63bf0;411e3ee1b8c72e98;471c38a75ace38c3;471c30e3ccd83bc6,5e21611d0fe039cf;71470e11f00fe0fe;510c67b33cc638c7;134c4836d394799f;0c735b66cc94668d;1c632318eec379c6;700f07389ce32fca;431c2ca2d5ce78e3;430c38e3ce98cdd6,complete
hard_negative,hard_negative|hard_negative_v2|test_sport_v2/boxe_v2_02_Ag_pn2P8BPI.mp4,hard_negative_v2,hard_negative_v2,0,test_sport_v2/boxe_v2_02_Ag_pn2P8BPI.mp4,eb2e4cb1cf1783bbc5fa05d59798cb2b4aaabf0005c0c5b7af2e3b3e5d03e457,Ag_pn2P8BPI,640,338,30.000000,422,14.066667,21;68;116;163;210;258;305;353;400,17b18c38b18e699e;15a389bcb68c6936;04a33133ce9e79a5;14b3e1ccb2966e49;119b34e0cdd9b2b2;109793c1d193b3b3;128f3db0e3c33626;438f3839b82467e6;438f30743e91cbc6,02b0cf3996f26987;34b2c83fb5c86a25;06a03171869e6bef;0cb2e9ccb1b6720d;18923f6449c967b6;348bc1e1c4c5d9d9;54811bbfd3d0918b;5283b6199d1df309;4383346c3e9a89cf,36b8cb39873aca09;2cb7dc22a5dd7208;06863a798c3cdace;0c315a4eb8a7b5cc;1f942426dac9cb1b;2f9210fec7a10cbc;35d80a0323bff9e0;50c0e6bb1b1eb692;52c1796c273e2666,complete
hard_negative,hard_negative|hard_negative_v2|test_sport_v2/boxe_v2_03_XBQeqirAPzM.mp4,hard_negative_v2,hard_negative_v2,0,test_sport_v2/boxe_v2_03_XBQeqirAPzM.mp4,55b7b33d5cd02cb16f93cdbbaf91601e1dcd18c162854d4ee07a7d8054408666,XBQeqirAPzM,640,360,25.000000,171,6.840000,8;28;47;66;85;104;123;142;162,48e23727283c1ecf;48ea373328301fcf;48ea333329341ecf;48e8373329383d8f;48e877372931341f;48e877372b31341d;48d877372b21351d;58d8f7372b21301b;58d8f7370f232033,5df631213b3618cc;5dfe31017b333098;5fff30303b333018;5ffe20217b333019;5fde210173333319;5fde700143733319;5fde642143633319;5cdee42141f26633;5cdee421c1d26633,4fc764da73311823;4bc76cdee3261803;4bc77cdfc3201c03;4bc76cdcc3663824;4fc7e4c8cb663038;4bc7e4cccae17038;4bc7e488cae370b8;5fcfa5088ac76330;5fcfad2088c66790,complete
hard_negative,hard_negative|hard_negative_v2|test_sport_v2/boxe_v2_04_WeyqNKZfHLM.mp4,hard_negative_v2,hard_negative_v2,0,test_sport_v2/boxe_v2_04_WeyqNKZfHLM.mp4,218e370b5c45dc9151b8a62c49eda54ab6b70dae8c0ef38a4cedfa50f6a8040f,WeyqNKZfHLM,640,360,25.000000,270,10.800000,13;44;74;104;134;165;195;225;256,4ccc3333c6ce7231;48af3f70e10f0ee0;4fbc3043da78478c;4c38338f6639cd26;45b83c47e33c4e61;47b8384733bc4647;4f38344738cc31cf;4cf21933c79833cc;19e61936c3cb3c19,4ccc3033c7c63733;788e06f9f1011f74;43be3cc11d71471c;4e3a31c776194547;493e3ec1711e8770;473c3cc3399c31c6;47384e338d3534c7;4ef61833cf3039a4;0bec1926d3e49d34,4ecc3c39c9c52636;5fc60678f809037e;410f3ef019f1073e;4f3e38c3371842d3;401e07f178878fe5;431e4e711f392ce1;431e6453c33ee0c7;478d3c71c3173878;46cd1e33e1e01c1f,complete
hard_negative,hard_negative|hard_negative_v2|test_sport_v2/boxe_v2_05_sJyJwc7ADyM.mp4,hard_negative_v2,hard_negative_v2,0,test_sport_v2/boxe_v2_05_sJyJwc7ADyM.mp4,b4d6ac22aa97c77cdfcf095b38c3a241d2e404e3a51fcb4339d161714e4e6ecd,sJyJwc7ADyM,640,360,25.000000,142,5.680000,7;23;39;55;70;86;102;118;134,474e2919737043e7;471c3190d7c34fc6;1f386381dec063c7;1c7363819cc84be7;4c1b62a2ecc54edc;4f3c7282cf88744b;0f7161a2cfc06c6d;4f749ab1c362e548;4f6c3220e345c7ce,44460f3b353ef530;450f3b3cb0a2c7e1;073c63aa8d3cf223;0c316ab38d95f827;0f197031ef2784a7;493f7095caacb921;0f3b70b68696cc29;4b24bab0d227e317;074db13cb229f703,66c55cd2a9826b87;45413a2f3d17749a;073e70c38b9d5436;0f3d707287984d35;0b1a3c39327943bb;490e3ee1c68e7d18;031b7c6831b723cb;4b452d9f16f86491;404b3f961dee3894,complete
hard_negative,hard_negative|hard_negative_v2|test_sport_v2/football_v2_11_6AqhRKyJMuw.mp4,hard_negative_v2,hard_negative_v2,0,test_sport_v2/football_v2_11_6AqhRKyJMuw.mp4,3e2907dabff877268ef0290db7d3c88d7685111f76fb96fb89d32527dffafaf8,6AqhRKyJMuw,640,360,24.000000,524,21.833333,26;85;144;203;261;320;379;438;497,13146469edacf11b;3614c4696d8d917b;21558078dc3cf99b;13912069bcbcf1d3;13912068fcbcf1d3;13910069fcbcf1d3;13910069fcbcf1d3;13910068fcbcf1db;13910068fcbcf1db,121676720ceded8c;3616d6624c8dad5c;2262ae558d2dcd9c;12b22e6aac2dec9c;1296676a4c6dec1c;129766624c6ded1c;129667624c6ded1c;129766624c6ded1c;129767624c6dec1c,149634741771f5e1;34b4b47451f1f1a1;369632743171f163;34b632f03171f1b1;34b636f03171f131;34b632f41171f133;34b632f03371f131;34b632f03171f133;34b632f01371f133,complete
hard_negative,hard_negative|hard_negative_v2|test_sport_v2/football_v2_12_VAKwh3rzfEs.mp4,hard_negative_v2,hard_negative_v2,0,test_sport_v2/football_v2_12_VAKwh3rzfEs.mp4,b23fdba67c4914a4d2c36bcedee61b74a3167c3d5edc3d266de77e86079412bb,VAKwh3rzfEs,640,360,25.000000,275,11.000000,14;45;75;106;137;168;199;229;260,1269ad92696d926d;0e46b1f347ccd231;0d5cb333538ccc99;1252939b1392e76d;12529392566ced6d;1b5b996e446ee424;2959b16656e6c626;285cb7a257e28339;205cb7a357ea8728,364ba9966991b649;4e46b9306bccc669;0c5cb3733366cc4c;12529bdf92929696;1252929216f6b76d;135b93531bd3846c;095999493ee6a666;285dac4237e6a276;285cac4133f39373,354aaab54ab54d4a;4643b83d5b84c3e3;0e4cac313373b36c;3414eb494bebb434;3416921337b696b6;1252bb1312d2967f;1b59991919db906d;09598d1959cd9877;2e4eae0e64ce9171,complete
hard_negative,hard_negative|hard_negative_v2|test_sport_v2/football_v2_13_gycJjkXmEI0.mp4,hard_negative_v2,hard_negative_v2,0,test_sport_v2/football_v2_13_gycJjkXmEI0.mp4,b8c2f8e86d01d9b6a87803c445e315fbd17db535f21d3ecfeacaa6cefb31f80b,gycJjkXmEI0,640,360,25.000000,463,18.520000,23;75;127;179;231;283;335;387;439,70cc0ff338cc8723;73b80ee711d9990c;790e07f106f10cf9;710e7cb360df00d3;629c19e61cc3fc07;62c91de0f60dc1f8;46c0396be63c0fc6;46c63939c4361ece;46c63939c3f03d0e,708e41b33ecc2ce3;70180ee723fb19c6;780647b363b30ec3;710e1e33798f7019;621c19f600f33fe2;62cd19f63f00e01f;44c41be3f43b07c5;44c43b1be5301fc7;46c61919e3f83987,7c0fc93013cf0667;7c1cc66166b1c96c;7c47e013f0bb4923;79470e36c9671938;6718592770cd1a75;778918f708fc9c0c;64c41be1fc1fe430;64e41adbf93892e0;64e41903e63c1bdb,complete
hard_negative,hard_negative|hard_negative_v2|test_sport_v2/football_v2_14_pGRVqXaT2FU.mp4,hard_negative_v2,hard_negative_v2,0,test_sport_v2/football_v2_14_pGRVqXaT2FU.mp4,9241f565f2c251c9224a4344f782cfcb6dae8a57babdf1064096120620e5e012,pGRVqXaT2FU,640,360,25.000000,173,6.920000,9;28;47;67;86;105;125;144;163,77dddca280593b02;77dd9da6a2092922;77dd9da6a2092922;1b9baaa6aa1b2516;529785b9f8073a1a;47c7d4b8b84b2b18;45c5deb6e6092926;1696c5ebb4162d29;1e8acfcbaa34152a,22d9dda6c5d95818;22d999a7cdd85819;22d98da7cdd85819;1b9b94e4925b6e12;16878bd8e9e15a16;43c3c5bcdcc33a06;61c1d5f4d6d92a22;15b4c1cbd2b46935;1595c3c2ca753535,269908a6e9e6d959;369908a6e1e6d959;369808a6e1e7d959;1a9220ed91eae55b;35a5431eeae81d61;70e0619feee81f40;78d819a6a6896772;25a568dab5c96a34;2a2a70d5d5d5692a,complete
hard_negative,hard_negative|hard_negative_v2|test_sport_v2/football_v2_15_bWTtLN2V7hs.mp4,hard_negative_v2,hard_negative_v2,0,test_sport_v2/football_v2_15_bWTtLN2V7hs.mp4,590e87297620421394c5fdcc13f454c4b3ac1df4b55356922ba0f72cc8b896bb,bWTtLN2V7hs,640,360,30.000000,1200,40.000000,60;195;330;465;599;734;869;1004;1139,5f285f2a5d2a2a2a;297b7f1a7d08a260;0aaf0adf22827f8a;772a7f027f0aaa20;50ce2e9a53d508ee;22ba22aaaa8afdaa;75087f2afd222a2a;40ec02ff80d5ddb8;57aa22a2aaa27fa2,2ad5c7d555aa40aa;7fe07e805582fd80;407fff7f0000ff00;11d520d555aa5faa;7bfe2cba11101d54;157ff77f0000ef00;55d571d555aaaa80;2a7fcf7f0000a655;7f7fa37f0000e700,7f2bff00002a80ff;7e3aff44000a11fd;2aceaaaa5582827f;7f2aff00002aa8df;7bebee8e50ba0404;2ab6aaaa5580837f;7f2aff00002aa8df;2aebaaaa55ff4400;2b91aaaaf591a323,complete
hard_negative,hard_negative|hard_negative_v2|test_danse_v2/danse_v2_01_lhAtt3fR-TM.mp4,hard_negative_v2,hard_negative_v2,0,test_danse_v2/danse_v2_01_lhAtt3fR-TM.mp4,1e42d992408889c4a13178f89422773274ae32d96892aaee98bc3cef9f3df4aa,lhAtt3fR-TM,640,360,25.000000,305,12.200000,15;49;84;118;152;186;220;255;289,036718184fbf3ab1;0367391849b2ce9f;05273938cbc74eb8;05073978cf970ab9;03273918cbf30e9d;07c7191879f70e85;050e397949b64ec7;07271918cff74a38;016739184f972eb9,2161395ecb165ad9;61e7185838fe4399;0507397cf9c24a9b;0507385ccbf25ad9;6123181cdbfe4a99;03c7195c783a1abb;0707197839be5a99;0123385ecbe25af9;61e1385ccbb65a91,60e02f5eab077865;60e12b5e1f64781d;63e11f1eb8643817;21e13f5eab643807;60e01f0ebb643c1f;60e12b4efa647835;23e30b58bb65e807;60e03e1fab64783c;60e03e5eab0578e5,complete
hard_negative,hard_negative|hard_negative_v2|test_danse_v2/danse_v2_02_OBLrvjFEXQc.mp4,hard_negative_v2,hard_negative_v2,0,test_danse_v2/danse_v2_02_OBLrvjFEXQc.mp4,7d78e6d7824209228f250b3cd38b04882dcc9bbad688f3440466c7d04367bdbe,OBLrvjFEXQc,640,360,25.000000,1148,45.920000,57;186;315;444;573;703;832;961;1090,185b9b811e76c13e;1e5ed6829315e4c3;074f67e3913d4c48;1959e2a62e79c386;1949ccac627f8ca3;1676ed8f305c8f20;7070c38f386087bf;1f7070c787307cc3;064b7bb438c8863f,1e5ab9e91e62912c;0c4ee6e6921de5c2;074767f1b1b3034c;1959f0862f784787;1b59cd0c625fc534;1434cd8b744fa83e;7f7ec0807e41803f;007f7fc1803f7e40;664359b71bccacc0,0e14f89b07d3b90e;0c4ee6e71509ea87;464646f1f1b3a323;1959fda5295c40e6;125289ad74cbb875;252dcab27dc03b34;1f7fd09f3fc08020;0c3f7ef181803f68;6453583159b859e7,complete
hard_negative,hard_negative|hard_negative_v2|test_danse_v2/danse_v2_03_vLQ7wIeHSMM.mp4,hard_negative_v2,hard_negative_v2,0,test_danse_v2/danse_v2_03_vLQ7wIeHSMM.mp4,4d807277410c7de10c1766f14c5c33b2b2c2ee60c5fe51d3dfea95ba9c4abc0e,vLQ7wIeHSMM,640,360,23.976024,728,30.363667,36;118;200;282;363;445;527;609;691,016c702b7d47ce2e;1b6c7857208bdb0e;036c32572c8bdb2e;166837695b4e9706;00e837172e4f8e1f;1828277ecfcf8611;11682733cecc27f1;02282776cfcd26f2;002a276d8ec66ff1,006eb5313fe06c67;106cfd716f519846;006ff1752ed0596a;14f8257b3a6ae606;1cfc213b7b670606;1bf8237f48470713;10ef2133de4e0735;32f921365b4f0636;583b232bd606077d,1d4e92393abf0172;1d4e9e2762bb015a;156abb252699607e;0cada91b1a7adad0;0cfcbb3e383951c0;19fb233d5ccc4107;1dce7931d642db04;35db3a3499594705;5cbf7b38b4478202,complete
hard_negative,hard_negative|hard_negative_v2|test_danse_v2/danse_v2_04_EBZ5l8CJBbM.mp4,hard_negative_v2,hard_negative_v2,0,test_danse_v2/danse_v2_04_EBZ5l8CJBbM.mp4,236761deb518012e4acca8c299a1a795560b4da422d9c5eb33afae77a88dffef,EBZ5l8CJBbM,640,360,29.970030,465,15.515500,23;75;128;180;232;284;336;389;441,196266cc91b3d873;56320b8d3b9ae54a;4549531a3b32d5b5;080b6b6b67b4b6c2;08297b3737f2924a;0b2b2998c8dc56f6;3c3c27839176d259;61212b2f969e7951;158f0e31cece3172,197666cc738c9923;35364ac912bae9c3;4d4977da3252312e;191b5b4a492d357a;0a0a592d37b7b172;13720919fc0f4e1f;3e3e61a1b926b0b4;71296b28a68e3e33;36810638c7cb39fc,197264cd66cc339c;3c354d4b179849b6;496b6ace14d12ed8;1b1896525f29ab5a;4d5d594947aa522d;7276713999185e0e;0e0e64d94b4b666e;79d97a784507a4c4;3fc8173cc5123c47,complete
hard_negative,hard_negative|hard_negative_v2|test_danse_v2/danse_v2_05_g5MxNjuQiV0.mp4,hard_negative_v2,hard_negative_v2,0,test_danse_v2/danse_v2_05_g5MxNjuQiV0.mp4,95cabbe60c406c6a6049ac35ae2a716e6f6df4015f0eb4da7ac2a08a7685d7de,g5MxNjuQiV0,640,360,24.000000,382,15.916667,19;62;105;148;190;233;276;319;362,5112c66be9d999b0;53124e6ae9d999b0;53124e6ae9d999b0;53124e6ae9d999b0;53124e6ae9d999b0;53124e6ae9d999b0;53124e6ae9d999b0;52124e6ee9d999b0;53124e6ae9d999b0,1515c66e6a4a4b5b;151544666a4bcbdb;151544666b4acbdb;153544666a4acbdb;153544666a4acbdb;153546666a4a4bdb;151547666a4a4bdb;151547666a4acb9b;153544666a4acbdb,393de76666464642;3139ed2466664e4e;3939ed2462664e4e;3939ed2462664e4e;3939ed2466664e4c;3939ad2466664e4e;3939a92466664e6e;3d39a92466664e4e;3939ed2466664e4c,complete
hard_negative,hard_negative|hard_negative_v2|test_danse_v2/danse_v2_06_eUllT7imgxU.mp4,hard_negative_v2,hard_negative_v2,0,test_danse_v2/danse_v2_06_eUllT7imgxU.mp4,50b9b54e6606db8770b0d435b3e6285dbf945363b3f144261be5ec30cbbbb166,eUllT7imgxU,640,360,25.000000,156,6.240000,8;25;43;60;77;95;112;130;147,0d1cdbab9c8c0e9c;4772e169304f961e;43999cec6c9a1b45;191bb2c63cc4671d;59742687db996464;4fcc98c95989c9d8;79e6d95c7541882a;4c6cb25b23c67991;4c66b35938d66986,0e1cd163be419f38;413469683ac93edd;511b8d6c2c9e509f;1b1b925614e66bcc;1b3464659b9b646c;470e9c703dc34e9c;7ae18a8a239ae2b3;4c6cb01be5c61bb4;4466b339b65c4897,4c1cf03376e11fe0;4836c875d1714f78;70928b690d6d7c8b;1913f61a9c7232e6;1b3c6c6c9a926d49;40079f5c99708ff1;1e61d66b18ce7c0c;4b4cbe1be413e906;4c67b318b658870f,complete
hard_negative,hard_negative|hard_negative_v2|test_danse_v2/danse_v2_07_DwlUGY0kUkI.mp4,hard_negative_v2,hard_negative_v2,0,test_danse_v2/danse_v2_07_DwlUGY0kUkI.mp4,4810ebb10f95f0e10be1fcb0099e9330c44f10c25c2d9be752646af9a37002f5,DwlUGY0kUkI,640,360,25.000000,532,21.280000,27;86;146;206;265;325;385;445;504,4d33c63133ce31c6;1b656498679a4d33;1961679e64699c39;1993644cb3365673;1993656dcb72c88c;19993433c761399e;19d961e696617896;1b9b61949c693396;47c2e371b1389c0f,4933c639c639c366;1a67a4cc63cc616d;1b6b679463996690;19936dc8b3ad9216;199561cd6372ccac;19993c92c7693933;1999688687797a87;1b9b69848c7839ad;40c6e2737138cf0f,1977c6326498cd33;12638d79279c7266;197b638430c773ac;19b34bd863ca22cd;1bb129ca335296bc;11893d96c44e6f39;1b9b7e86a05a1ba1;13d272a5c554b2e3;40c6c7f373322ec4,complete
hard_negative,hard_negative|hard_negative_v2|test_danse_v2/danse_v2_08_73jg9jRBvUg.mp4,hard_negative_v2,hard_negative_v2,0,test_danse_v2/danse_v2_08_73jg9jRBvUg.mp4,a8ec8c9533da834bc77b69a1421b50343a755f13d8491d7779ae17d63220d1e0,73jg9jRBvUg,640,360,25.000000,1331,53.240000,66;216;366;515;665;815;964;1114;1264,5000ad3f573e1e56;78888841cdf8f87e;551daa22762f29f0;60d9dd58d0f0dc38;7d0888552834dd7f;5410a9bc9c2a3e9f;7f8aa85d41ecce08;5404ad3e162e3f53;78880c45dc9e3eae,7daea8b8602786c6;62ddf542839974c4;2b8aead4d5038af4;7580828a60ea7ff5;2a0add013f957d25;7410caa9df2e87c2;0090ef6b29e545ed;7ca8c890c52797c7;6a9d6f6bc91194c0,6a839d9c793ac162;74a9a947831139eb;3f9ed49c2103d472;29bfd644f644f050;7656897b96c1148b;2c34dfbbd72080c3;56bd83569011bbb8;2e1cdd986b34914b;5c890343d13beb6c,complete
hard_negative,hard_negative|hard_negative_v2|test_danse_v2/danse_v2_09_ObCq7SzpOoI.mp4,hard_negative_v2,hard_negative_v2,0,test_danse_v2/danse_v2_09_ObCq7SzpOoI.mp4,de648d205534cc43415f6ded31301854d952beab30414b0e7b5d88251324d792,ObCq7SzpOoI,640,360,30.000000,900,30.000000,45;146;247;348;449;551;652;753;854,469cd9394d193c39;3d4ded3af850ac80;4ecae9ac18b9d930;4ccacbac38b95236;40cbcbbc3ab91236;44cacb993ab91b32;4fcacb8c3ab91238;4fcac38c54a9d83c;4ecaebac08b9d838,678cc839cb911d1b;3b4be212d27dac18;4442e9c427cb3cbd;4d42c38c2dd959b9;4dc3c38c2cdb51b8;4d47c38d25f890b9;4c43c3ccaed838f8;4e41f1c565ea349a;4442e1c427cabe9f,618f9e58c3a12756;1b42c3f7d265e680;4c50d925ebf44a96;4c52d32de2d45a95;4c52d32dcec41ab5;4c45d28deac53c9c;4c50f16fc7c0d6a4;4e71d129ebe162a1;4c50d82debf54ac4,complete
hard_negative,hard_negative|hard_negative_v2|test_danse_v2/danse_v2_10_XQ0-9ASl6U4.mp4,hard_negative_v2,hard_negative_v2,0,test_danse_v2/danse_v2_10_XQ0-9ASl6U4.mp4,433616b739cad70f52b60b533a0d27441715f5411258e3a10a8c74690e771bd1,XQ0-9ASl6U4,640,360,25.000000,1975,79.000000,99;321;543;765;987;1209;1431;1653;1875,05d0921f6b73626e;0ba8860f66f16766;1b92a49c60aa6df5;06b8259d72a946fc;0a88a539eea36975;03fe8403ea5d7155;0ab0859f62a16fba;0beeb40778a0637a;0b82b41e71e37e38,09fdb48fbab042c4;1a9e8f03ac51d167;1bf3a40cf10c63d5;07f4aa8771a271c3;1fc7a01aa6916ab5;00efa586cd7a30a7;17f18a0ff5827185;00faa705f9ab7191;03c7ae05f0a277a3,49ffaf819a334501;518d8684ae9df1d8;13f28c819d5db346;02fc8405bdbe3b83;02e13c1fa6553f89;50a5aaa5ea59b8a6;11fb8601ae5679c3;51fda6a5ce047930;41fa8688d9557335,complete
hard_negative,hard_negative|hard_negative_v2|test_calme_v2/calme_v2_01_LEXStnAjOSc.mp4,hard_negative_v2,hard_negative_v2,0,test_calme_v2/calme_v2_01_LEXStnAjOSc.mp4,f4dffdd585b45cc0406898f2311ed2d5594cd1e24b8b47a04ef06423739c996a,LEXStnAjOSc,640,360,25.000000,324,12.960000,16;52;89;125;161;198;234;271;307,4f21c9d4dc69cd84;4c2c0bcdcd6d9c8c;4c8c8b94fc6bcd84;444419dcfc6dccc6;442119dcdccfcd86;407d99dcc44dcd86;4de1c18dce4eccd0;4e27c3ce9c6cc48c;4421c9c5dc4ddd96,45237ab53c6ab590;4c3c1a87336bb585;4c484ab53d6bb58c;4667339c38789c9c;65233ab53e4a9d84;45391a9d386bbd84;4df8f091474a8dcc;4f33f2871f6e8408;4538c2e5cf4ab5e0,417156a95552af74;4e2e56ad7472a131;4c5cd6a95472a157;4561e2a1717ab738;687050a9547aaf57;4f3756ab3452a431;4b797ebb7402a054;4d70f0a151b3a1d7;693772a95502af51,complete
hard_negative,hard_negative|hard_negative_v2|test_calme_v2/calme_v2_02_zgziSxCEPWo.mp4,hard_negative_v2,hard_negative_v2,0,test_calme_v2/calme_v2_02_zgziSxCEPWo.mp4,d4af20559fc4cf7f5c7124217f6ceac2930f5a41ebd6f193c05e118a77a1dd82,zgziSxCEPWo,640,360,29.970030,522,17.417400,26;85;143;202;260;319;378;436;495,41513838bc9d9edc;557e2a35b2941d0e;311f6de0a50e53d4;0f28752394df91d8;407f3e2a129d954e;704b0f1ea7961716;7c5312e489395957;4b49253938bc9d4e;4160372d2d9f1dd1,40407f7f3730b0b3;5174612b2639b6b5;301349faad4aabcc;072e68623775b153;517e687b223ab491;3c52490ba3afa596;0f1152e5a6683b73;414022327e3fbf17;497f12292d2a2dba,5155584b6a6a697a;5155584b6a4a6b7a;36115cbb6d56894a;000f7e5f4f6a6503;515d59415a6a697a;3f545a505e5a4a5a;0b3174e1a7afa688;494956567a6d3552;4b55b66a95694949,complete
hard_negative,hard_negative|hard_negative_v2|test_calme_v2/calme_v2_03_TC4dVacd_2w.mp4,hard_negative_v2,hard_negative_v2,0,test_calme_v2/calme_v2_03_TC4dVacd_2w.mp4,8018ec607fe7ac3b85296cbc931a2b233fa1bf4e1a9cc3efbec48c349d92df20,TC4dVacd_2w,640,360,25.000000,404,16.160000,20;65;111;156;201;247;292;338;383,043ac52ed8d62dcb;130cf11cfad528cb;106e912dfc966cc9;106f8977ec944789;16798937e89661c9;16798917f89670c9;1679a117c9b654c9;021de11ff09579c9;0639827d9de61dc8,0718eb3adc25ca4b;334ce318f205fa4b;114e936ad135db0b;144b9a63dc25db0b;17688b7ad835cb0a;1758a37ac835cb0b;1758a35ac935cb0b;171ceb18c425db4b;3619c23beb35444b,261de254adada25a;234ff056a32d855a;234fb05eb42d825e;274b9652be2d8278;274fb058aead8478;275ba658ae2d8159;275aa454beada158;264dd255adad825c;275ae55abbad6010,complete
hard_negative,hard_negative|hard_negative_v2|test_calme_v2/calme_v2_04_llf3zCy7MTc.mp4,hard_negative_v2,hard_negative_v2,0,test_calme_v2/calme_v2_04_llf3zCy7MTc.mp4,821c32df7f5c181f6696e10060c32fed7b2bdced8639d7775277b64ecf2b415a,llf3zCy7MTc,640,268,23.976024,379,15.807458,19;61;104;146;189;232;274;317;359,1466cdb614ed11ea;1466c9b650ed51ea;1466c9b650ed51ea;1466c9b652ed51aa;1466c9b652ed51a9;1466c9b652ed51a9;1466c9b652ed51a9;1466c9b652ed5389;1566c9b252ed5389,3467c93467a59827;3467c93465a59927;3467c93466a59927;3467c93467a59926;3467c93666a59926;3467c9366ea49926;3467c9366ea49926;3467c9366ea49926;3466c9366eb49926,2c63da156b9a7229;2c63da156b9a7229;2c63da15619e722d;2c63da15659a722d;3c63da15659a7225;3c63da17659c5225;3c63da15659d5225;3c63ca15659d5265;3c63ca15659d5265,complete
hard_negative,hard_negative|hard_negative_v2|test_calme_v2/calme_v2_05_Q6JKHqSaV5E.mp4,hard_negative_v2,hard_negative_v2,0,test_calme_v2/calme_v2_05_Q6JKHqSaV5E.mp4,ce3c09251df74f07e7bed4c98b09c2893beec3eedc4ba8d131e7b16142e9f1a1,Q6JKHqSaV5E,640,360,25.000000,341,13.640000,17;55;93;132;170;208;246;285;323,0553405f2fa9d91e;0451614f3b29675f;1455638a3d76f12c;144741293fa365ee;144783392feee213;144731063f2177f6;155163683f33e13c;4515645d3ee9b129;061561763f8c44bf,0835e50307ebf81f;0437e0471f6d207f;3533618b0fd3702e;3547f1390770e613;2465d03b0bedf01d;2741d0461d79f867;274060cd0f72f83f;253060334fe7f03b;263570761b74d48d,142ffe0060f97d46;2c36ef8000fcdf49;243df8c001fbfb06;2c65f80b107f67b0;2660ff1202e3fd0d;2678f784089cf64b;203f7ccb00eb7b14;2034fd3002f77b87;2019ff261066ff26,complete
